sample_idx,y_true,y_pred,y_score
6147,0.0,0.0,3.8919314e-08
7872,1.0,1.0,0.99994695
3812,0.0,0.0,2.9868793e-18
10412,1.0,1.0,0.60782504
1857,1.0,1.0,1.0
700,0.0,0.0,1.5104341e-08
8338,1.0,1.0,1.0
5071,0.0,0.0,1.4086726e-06
10861,1.0,1.0,0.9999999
2632,0.0,0.0,9.4738665e-05
12106,1.0,1.0,1.0
3745,1.0,0.0,0.06477749
11647,1.0,1.0,0.99964213
6161,0.0,0.0,3.232169e-05
5732,0.0,0.0,0.0023985924
7273,1.0,1.0,0.5018592
397,1.0,1.0,1.0
5020,1.0,1.0,1.0
9398,1.0,1.0,0.99999595
11722,1.0,1.0,1.0
11545,0.0,0.0,0.00034220252
5030,0.0,0.0,0.19339459
591,1.0,1.0,0.93721014
5019,1.0,1.0,0.9999999
2663,0.0,0.0,1.1858021e-08
2055,0.0,0.0,0.0006231255
9801,0.0,1.0,0.99973017
83,0.0,0.0,4.4989476e-05
7192,0.0,0.0,0.03889423
4217,0.0,0.0,2.640401e-05
1701,1.0,1.0,0.999998
11341,0.0,0.0,0.0003277708
4054,1.0,1.0,0.99830014
8894,1.0,0.0,0.19316864
10394,0.0,0.0,0.0005059644
2168,0.0,1.0,0.6453846
800,1.0,1.0,1.0
6466,1.0,1.0,1.0
5032,0.0,0.0,0.12152429
7892,1.0,1.0,0.99990773
4809,1.0,1.0,0.9999993
6861,1.0,1.0,1.0
10228,1.0,1.0,0.9997342
9522,0.0,0.0,0.00018770093
2631,0.0,0.0,0.0018713154
4859,1.0,1.0,0.99899703
1801,1.0,1.0,0.99999976
284,0.0,0.0,0.114594564
1576,1.0,1.0,0.9999995
11582,1.0,1.0,0.99995744
12093,1.0,1.0,0.99999964
2091,0.0,0.0,2.9761728e-05
1035,1.0,1.0,1.0
4614,1.0,1.0,0.8715927
5405,1.0,1.0,0.99998367
9534,0.0,0.0,5.9687437e-09
5787,0.0,0.0,0.17503043
5890,0.0,0.0,2.1677417e-29
3610,1.0,0.0,1.5461681e-07
8348,1.0,1.0,1.0
91,0.0,0.0,2.8572934e-12
4950,1.0,1.0,0.9999869
9158,0.0,0.0,0.24754193
6180,0.0,0.0,1.94234e-10
796,1.0,1.0,0.9999093
11468,1.0,0.0,0.030932538
7616,1.0,1.0,0.9999312
2983,0.0,0.0,0.0015342254
479,0.0,0.0,0.00019285426
2579,0.0,0.0,2.5742123e-05
4253,1.0,1.0,0.9964167
8641,1.0,1.0,0.9999999
4933,1.0,0.0,0.06291152
1004,1.0,1.0,1.0
2599,1.0,1.0,0.92740744
10547,0.0,0.0,8.782881e-10
4767,0.0,1.0,0.99982387
509,1.0,1.0,0.9999945
7569,1.0,1.0,0.9986935
8992,0.0,0.0,8.060044e-09
4352,1.0,1.0,0.99987245
6795,1.0,1.0,0.99941754
4165,0.0,1.0,0.9999957
12188,1.0,0.0,0.32575762
6714,1.0,1.0,0.91243905
8656,0.0,0.0,6.25626e-10
10635,0.0,0.0,2.6731186e-07
9121,0.0,0.0,0.00024551878
3781,1.0,1.0,0.84009683
2478,1.0,1.0,1.0
2149,0.0,0.0,0.009930219
7565,1.0,1.0,0.99999976
7825,1.0,1.0,0.9875279
4142,1.0,1.0,0.90392566
9266,0.0,0.0,2.1282586e-08
5946,0.0,0.0,1.5179207e-11
690,0.0,0.0,1.6647391e-07
1785,1.0,1.0,0.94462585
9307,0.0,0.0,0.0002594975
10280,1.0,1.0,0.9993199
12195,1.0,1.0,0.99998665
9655,1.0,1.0,0.9733619
7771,1.0,0.0,0.061361615
7385,1.0,1.0,0.91283274
8284,1.0,1.0,0.9992249
9625,0.0,0.0,0.023366446
10157,1.0,1.0,1.0
3639,0.0,0.0,0.03377615
8240,1.0,1.0,1.0
1202,0.0,0.0,7.7705095e-05
11496,0.0,0.0,3.5090173e-09
11432,0.0,0.0,1.427778e-07
5791,0.0,0.0,0.00043852837
6134,0.0,0.0,8.974375e-09
507,1.0,1.0,0.88800925
7631,0.0,0.0,4.43122e-05
1151,0.0,0.0,0.23756155
11720,0.0,0.0,1.229235e-08
11355,0.0,0.0,0.00051478384
2211,1.0,1.0,0.99492764
2873,1.0,1.0,1.0
4678,1.0,1.0,1.0
1969,1.0,1.0,1.0
7768,1.0,0.0,0.16059309
11998,1.0,1.0,0.9999993
971,0.0,0.0,0.03638493
7540,0.0,0.0,9.349388e-20
8522,1.0,1.0,0.9999924
10480,0.0,0.0,6.1289077e-12
6974,1.0,0.0,0.0004374153
514,1.0,1.0,0.992084
5336,1.0,1.0,0.95126253
7724,1.0,1.0,0.99996614
4351,0.0,0.0,1.1668591e-08
8410,0.0,0.0,8.1995684e-05
2111,0.0,0.0,0.007973505
10778,0.0,0.0,2.1984724e-13
10452,1.0,1.0,0.99937314
2489,1.0,1.0,0.99996805
6775,0.0,0.0,4.9092567e-05
575,0.0,0.0,2.3799778e-07
11911,0.0,0.0,1.7535944e-09
3265,0.0,0.0,6.987239e-06
8883,1.0,1.0,0.99707055
979,1.0,1.0,1.0
5648,0.0,0.0,3.2547644e-20
5103,1.0,1.0,1.0
4491,0.0,1.0,0.7447757
10326,0.0,0.0,0.0007837102
11344,0.0,1.0,0.92767113
1199,1.0,1.0,0.7935475
11852,1.0,1.0,0.9999896
3993,1.0,0.0,0.0012372874
74,0.0,0.0,1.868656e-11
3644,0.0,1.0,0.9966073
12378,1.0,1.0,0.9999987
3445,1.0,1.0,0.99999785
3821,1.0,1.0,0.9959037
10817,0.0,1.0,0.9995427
9729,0.0,0.0,0.19394445
9283,1.0,1.0,0.9938374
895,1.0,1.0,0.9999505
11421,0.0,0.0,8.451448e-07
4802,0.0,0.0,1.3453332e-06
1738,1.0,1.0,0.9999999
8092,0.0,0.0,0.029668521
1081,0.0,0.0,9.509818e-05
9821,0.0,1.0,0.94506526
4294,1.0,1.0,0.99998343
12323,0.0,0.0,0.066060774
10868,1.0,1.0,1.0
2656,0.0,0.0,8.4241416e-05
5596,0.0,0.0,0.0010776276
10226,1.0,0.0,7.73226e-06
6292,1.0,1.0,0.9999982
8651,0.0,0.0,0.012213263
5324,1.0,1.0,1.0
8005,0.0,0.0,2.775969e-06
9777,1.0,1.0,0.9999906
9004,1.0,1.0,0.9977831
3081,1.0,1.0,0.9999995
9955,0.0,0.0,7.726126e-05
5968,0.0,0.0,2.6380953e-25
7966,1.0,1.0,0.999652
7341,0.0,0.0,0.005688026
11181,1.0,1.0,1.0
11221,0.0,0.0,0.031569324
11437,0.0,0.0,0.00033547054
1843,1.0,1.0,1.0
7888,1.0,1.0,0.80135393
5972,0.0,0.0,1.7831857e-06
11475,1.0,0.0,0.038390838
9449,1.0,0.0,0.0020508238
2093,1.0,1.0,0.99999917
9206,0.0,0.0,2.8517117e-13
10247,1.0,1.0,1.0
8722,1.0,0.0,0.19378738
840,1.0,1.0,1.0
10594,0.0,0.0,0.00011512335
4313,1.0,1.0,0.9372227
8802,1.0,1.0,1.0
9703,1.0,1.0,0.6029037
10180,1.0,1.0,1.0
5956,0.0,0.0,5.0646096e-21
9948,0.0,0.0,8.8640656e-10
11680,0.0,0.0,5.71614e-15
6711,0.0,1.0,0.87689066
11549,0.0,0.0,2.5961019e-05
7963,0.0,0.0,1.14986086e-07
77,0.0,0.0,5.897642e-09
10273,1.0,1.0,0.9999999
8990,1.0,1.0,0.9999893
2262,1.0,1.0,0.9998281
10090,1.0,1.0,1.0
1562,1.0,1.0,0.9999999
4022,1.0,1.0,1.0
8074,1.0,1.0,0.9996124
6158,0.0,0.0,4.5446596e-10
12375,1.0,1.0,0.99993324
9705,1.0,1.0,0.85828674
8227,1.0,1.0,0.99999976
239,0.0,0.0,7.732457e-05
5557,0.0,0.0,0.0008853956
11853,1.0,1.0,0.94574803
8317,1.0,0.0,0.006492125
1102,0.0,0.0,0.037017737
310,1.0,0.0,0.20941257
2950,1.0,1.0,0.67141426
4046,1.0,1.0,0.9993001
4866,1.0,1.0,0.9999778
5329,1.0,1.0,0.99976
2402,0.0,1.0,0.75017315
384,0.0,0.0,0.013945719
775,1.0,1.0,1.0
4307,0.0,1.0,0.9332965
11240,0.0,1.0,0.9999964
2052,0.0,0.0,0.15768176
4458,1.0,1.0,1.0
6621,1.0,0.0,0.49405336
3267,0.0,0.0,9.562077e-05
7950,1.0,1.0,0.99999917
12018,0.0,0.0,0.00014336193
4055,0.0,1.0,0.99547714
11564,0.0,0.0,0.0010642842
6722,1.0,1.0,0.9978795
4103,0.0,0.0,8.263088e-13
10932,0.0,1.0,0.75285834
513,1.0,1.0,0.9940645
8002,1.0,1.0,0.9964309
768,1.0,1.0,0.99836046
8822,0.0,0.0,0.0001131325
1062,0.0,0.0,0.0071238563
7625,0.0,0.0,0.00035337574
12182,1.0,1.0,0.9999993
3944,1.0,1.0,0.8264384
5214,1.0,1.0,0.999818
6943,0.0,0.0,0.052001424
5783,0.0,0.0,1.1193075e-09
4070,0.0,0.0,6.1039324e-15
11306,0.0,1.0,0.9893357
10822,0.0,0.0,0.044318974
6606,1.0,0.0,0.29757732
10933,0.0,0.0,2.5032212e-10
11471,1.0,1.0,0.8394734
6213,1.0,0.0,9.079149e-05
5304,0.0,0.0,0.00017443702
12115,0.0,0.0,0.0037082126
560,1.0,0.0,1.4274907e-09
6482,1.0,1.0,1.0
7220,0.0,0.0,0.15452696
515,0.0,1.0,0.9999893
7937,0.0,1.0,0.8677595
11757,0.0,0.0,7.839598e-10
5435,0.0,0.0,1.5476706e-10
4389,1.0,1.0,1.0
124,0.0,0.0,0.00086721056
8051,1.0,1.0,0.97206706
8817,1.0,1.0,0.9998585
1495,0.0,0.0,2.0012827e-08
1336,0.0,0.0,0.0024490487
1962,1.0,0.0,0.0014374425
8516,0.0,1.0,0.99080056
9216,0.0,0.0,0.00040254876
1638,1.0,1.0,0.9978934
2864,1.0,1.0,1.0
11829,1.0,1.0,0.74191153
1134,1.0,1.0,0.50431854
10558,0.0,1.0,0.83531594
1932,0.0,1.0,0.9973176
11172,1.0,1.0,1.0
541,0.0,0.0,3.231149e-12
4986,1.0,0.0,0.0005069719
6548,1.0,0.0,0.005201814
1863,1.0,1.0,0.99999225
3841,1.0,1.0,0.9999969
3373,1.0,1.0,1.0
6900,0.0,0.0,7.2988965e-05
6387,0.0,0.0,8.1188244e-14
10860,1.0,1.0,0.9999149
7165,0.0,0.0,1.016896e-05
11613,0.0,0.0,3.9177296e-16
1681,1.0,1.0,0.999445
1613,1.0,0.0,0.026333187
12249,1.0,1.0,0.99999774
1848,1.0,1.0,0.99999785
4843,1.0,1.0,0.99998915
12165,1.0,1.0,0.99999964
6119,0.0,0.0,3.5501394e-05
5942,0.0,0.0,1.0080832e-06
12030,0.0,0.0,1.013823e-09
8285,1.0,1.0,0.9999989
116,0.0,0.0,2.2685354e-10
11908,0.0,0.0,1.5257765e-17
3887,0.0,0.0,2.9789633e-06
9052,1.0,1.0,0.9999949
430,0.0,0.0,0.052771877
2315,0.0,0.0,2.9901605e-06
10059,0.0,0.0,2.1111939e-05
10053,0.0,0.0,4.193961e-06
12274,1.0,1.0,0.99890256
2881,1.0,1.0,1.0
3756,0.0,0.0,0.086682804
2795,0.0,0.0,0.00096832454
7035,0.0,1.0,0.9709269
12112,1.0,0.0,0.07714256
6002,1.0,1.0,1.0
9011,0.0,0.0,4.99011e-07
11579,0.0,0.0,0.0013585777
6333,1.0,1.0,0.95222056
3791,1.0,1.0,0.9997104
727,1.0,1.0,0.9897078
11575,0.0,0.0,0.0004912342
69,1.0,1.0,0.99987113
9781,1.0,1.0,1.0
7765,0.0,0.0,4.294712e-05
11609,0.0,0.0,2.4911069e-08
5255,1.0,1.0,0.8936947
3151,0.0,1.0,0.999723
1755,0.0,1.0,0.90550596
4354,1.0,1.0,1.0
5563,1.0,0.0,0.011682758
12173,0.0,1.0,0.9217188
4303,1.0,1.0,0.9999485
7577,0.0,0.0,5.7049077e-05
7871,1.0,1.0,0.99992883
5686,0.0,0.0,0.017098071
4469,1.0,1.0,0.99999964
6793,1.0,1.0,0.9999871
7256,1.0,1.0,0.99989855
6051,1.0,0.0,0.00245902
643,0.0,0.0,8.7129513e-07
4516,1.0,1.0,0.77213144
1943,0.0,0.0,2.253171e-10
7845,0.0,0.0,0.013747195
7479,0.0,0.0,0.0011854554
11770,0.0,0.0,0.00012542981
8673,0.0,0.0,1.08391594e-10
5363,0.0,0.0,0.34542024
5287,0.0,0.0,0.00047011522
1052,1.0,1.0,1.0
1509,0.0,1.0,0.9909478
7091,0.0,0.0,0.21059279
1958,0.0,0.0,0.0014297448
10173,1.0,1.0,1.0
2897,0.0,1.0,0.6237307
6354,1.0,1.0,0.99999917
1607,0.0,0.0,0.0035562732
7368,0.0,1.0,0.7307363
933,0.0,1.0,0.5952656
7794,0.0,0.0,3.3776378e-11
2865,1.0,1.0,1.0
2868,1.0,1.0,1.0
1260,0.0,0.0,0.030051459
2157,1.0,1.0,0.9845502
5060,1.0,1.0,0.89196366
9237,1.0,1.0,0.999895
9438,0.0,1.0,0.99462104
617,1.0,1.0,1.0
6157,0.0,0.0,0.0018177313
2270,1.0,0.0,0.00070676144
11972,1.0,0.0,0.004564352
7881,1.0,1.0,0.9998271
3590,1.0,1.0,0.99999976
6640,1.0,1.0,1.0
3363,1.0,1.0,0.9999999
2634,0.0,0.0,1.4671645e-06
12352,0.0,0.0,4.9785603e-11
11179,0.0,1.0,0.99741167
6125,1.0,0.0,0.048378266
9786,1.0,1.0,0.9980586
7399,0.0,0.0,3.664849e-05
2295,0.0,0.0,1.4708622e-08
187,0.0,0.0,0.0032923017
10620,0.0,1.0,0.97707456
6985,1.0,1.0,0.9964706
12008,1.0,1.0,0.50087935
10103,1.0,0.0,0.025002927
6019,1.0,1.0,0.9999988
108,1.0,1.0,0.999948
1361,1.0,1.0,1.0
11832,0.0,0.0,0.027999798
2608,1.0,1.0,0.999025
12044,1.0,1.0,0.96781665
4345,0.0,0.0,7.7415685e-11
2940,1.0,1.0,0.9999589
1058,1.0,1.0,0.8698616
7522,0.0,0.0,7.3252925e-11
8333,1.0,1.0,0.9999995
4144,0.0,0.0,0.00012136366
10418,1.0,1.0,1.0
10520,0.0,0.0,0.0007098452
5487,0.0,0.0,1.4258427e-15
4242,1.0,1.0,1.0
10710,1.0,1.0,1.0
12127,0.0,0.0,9.412974e-05
2048,0.0,1.0,0.8472234
219,1.0,1.0,0.9989598
10491,0.0,0.0,3.605274e-16
7044,1.0,1.0,0.9998877
5296,1.0,0.0,0.0068924828
8012,0.0,0.0,0.22886354
9412,0.0,0.0,0.0020075801
5624,0.0,1.0,0.9992742
12137,0.0,1.0,0.99063337
11995,1.0,1.0,0.934112
6023,1.0,1.0,1.0
7946,0.0,0.0,2.500657e-15
3976,0.0,0.0,3.925585e-08
5705,1.0,1.0,0.994418
10149,1.0,1.0,0.99976414
10914,0.0,1.0,0.91175395
5223,0.0,0.0,3.4649904e-08
2333,1.0,1.0,0.98642844
1029,1.0,1.0,0.9966222
4060,0.0,1.0,0.99819344
7495,0.0,0.0,0.073725194
3783,1.0,1.0,0.6197907
6214,1.0,1.0,0.97522813
11401,0.0,0.0,7.307159e-06
9658,1.0,1.0,1.0
2122,0.0,0.0,0.00015041244
5227,0.0,0.0,0.00066757714
6595,1.0,1.0,1.0
152,0.0,1.0,0.91225374
4698,1.0,1.0,1.0
7264,1.0,1.0,0.9476396
5098,1.0,1.0,0.9967098
3190,1.0,0.0,0.023291947
667,1.0,1.0,1.0
1893,1.0,1.0,0.9999993
9065,1.0,1.0,0.88968164
2530,0.0,0.0,0.0014800633
6817,0.0,0.0,0.00012776197
10054,0.0,0.0,3.5186225e-12
6516,1.0,1.0,0.9733281
8573,0.0,0.0,0.0005092905
9647,1.0,1.0,1.0
6361,0.0,0.0,6.1000554e-07
8896,1.0,1.0,0.9946826
6572,1.0,1.0,1.0
10231,0.0,0.0,2.0226542e-05
11452,1.0,1.0,0.9999962
5977,0.0,0.0,2.2317165e-18
1528,1.0,1.0,0.99999976
2169,1.0,1.0,0.9615947
3356,1.0,1.0,0.99956185
12103,1.0,1.0,0.98046607
5934,0.0,0.0,1.0917668e-11
11695,0.0,0.0,5.770516e-07
8711,1.0,1.0,0.9999633
8593,0.0,0.0,1.7927356e-05
7658,0.0,1.0,0.66841465
1966,1.0,1.0,0.99988914
2358,1.0,0.0,0.03689906
11860,0.0,0.0,8.1585085e-07
9851,0.0,0.0,0.3436767
2355,0.0,0.0,0.0009399179
1563,1.0,1.0,0.9953376
844,1.0,1.0,0.9999999
8735,0.0,0.0,3.525225e-05
7432,0.0,0.0,5.0548508e-05
5311,0.0,1.0,0.9708073
6726,1.0,1.0,1.0
5562,0.0,0.0,8.82843e-10
9882,0.0,0.0,8.662798e-09
10606,1.0,1.0,0.9999825
2314,1.0,1.0,0.9999963
1279,0.0,0.0,3.0214935e-22
6417,0.0,1.0,0.9559372
9182,0.0,1.0,0.99836
8496,0.0,0.0,1.3058914e-07
82,0.0,0.0,1.3057095e-07
9050,1.0,1.0,1.0
8890,0.0,0.0,0.12763664
1851,0.0,0.0,2.8505124e-07
2769,0.0,0.0,5.2773454e-12
4510,1.0,1.0,0.99998474
5212,0.0,1.0,0.9229421
7290,0.0,0.0,0.001113609
10456,1.0,1.0,0.99989307
9356,0.0,1.0,0.8063706
9530,0.0,0.0,5.8391277e-07
3394,1.0,1.0,0.832234
5816,0.0,0.0,1.0738078e-07
7803,1.0,1.0,0.99982196
8584,0.0,0.0,7.2120492e-06
1107,1.0,1.0,0.9997944
9209,0.0,0.0,3.86485e-05
10962,0.0,0.0,1.2263837e-10
3107,1.0,1.0,0.99999917
9144,0.0,0.0,0.087392405
11307,1.0,1.0,0.98014635
5370,0.0,0.0,1.5164723e-06
12156,0.0,0.0,1.5865083e-06
9078,1.0,1.0,0.9942227
6017,1.0,1.0,0.9999974
8602,1.0,1.0,0.99999976
8289,1.0,1.0,0.88190407
4013,1.0,1.0,1.0
8831,1.0,1.0,0.99999654
564,1.0,0.0,0.0068959114
960,0.0,0.0,0.0063113794
3085,1.0,1.0,1.0
10871,1.0,1.0,1.0
11672,0.0,0.0,3.8828116e-08
1466,0.0,0.0,1.6652974e-08
2360,0.0,0.0,3.0596748e-06
2655,0.0,0.0,1.7787137e-06
3372,1.0,1.0,0.99999976
10859,1.0,1.0,0.99977535
3823,1.0,1.0,0.9998869
6415,0.0,0.0,6.5739177e-06
6641,1.0,1.0,1.0
10078,1.0,1.0,0.9996804
11620,1.0,0.0,0.0006829704
678,1.0,1.0,1.0
11390,1.0,1.0,0.9298097
12053,0.0,1.0,0.9999974
5011,1.0,1.0,0.9999999
907,1.0,1.0,0.9999287
8800,1.0,1.0,0.9999995
9623,0.0,0.0,6.671049e-08
9461,1.0,1.0,0.99985147
9784,1.0,1.0,0.99927264
5802,0.0,0.0,4.085833e-06
4523,1.0,1.0,0.9999862
1592,0.0,1.0,0.6861273
5654,0.0,0.0,3.7684757e-17
4610,1.0,1.0,0.9992957
6869,1.0,1.0,0.99999666
11837,0.0,0.0,0.009295224
2888,1.0,1.0,1.0
10389,0.0,0.0,0.032355573
592,1.0,1.0,0.9999999
5193,0.0,1.0,0.9690888
8053,1.0,1.0,0.99971753
6821,1.0,1.0,0.9997948
357,0.0,0.0,7.82436e-14
114,0.0,0.0,0.0060442355
8487,1.0,0.0,0.021462373
9524,1.0,0.0,0.27671963
5836,0.0,0.0,0.0004954736
7424,0.0,0.0,5.1697874e-08
3599,1.0,1.0,0.9999976
4982,1.0,1.0,0.9999999
5730,0.0,0.0,5.646829e-08
11780,0.0,0.0,0.00046261246
2847,0.0,0.0,0.03538045
981,1.0,1.0,1.0
9689,0.0,0.0,4.3026193e-06
2437,1.0,1.0,0.9737083
2916,1.0,1.0,0.94878256
237,0.0,1.0,0.9986223
11420,0.0,0.0,0.00045677292
5605,0.0,0.0,7.925951e-27
969,1.0,1.0,0.7348872
395,1.0,1.0,0.9982855
2383,0.0,0.0,0.024241565
6240,1.0,1.0,1.0
6273,0.0,0.0,2.3743e-05
5584,0.0,0.0,4.418696e-13
12244,1.0,1.0,0.9999958
624,0.0,0.0,1.2611997e-05
5684,0.0,0.0,7.621577e-05
2771,0.0,0.0,7.137338e-11
904,1.0,1.0,0.99960357
2858,0.0,0.0,6.9517073e-06
2238,1.0,1.0,0.9998671
3203,0.0,0.0,0.00018921646
2792,0.0,0.0,2.9098723e-08
11774,1.0,0.0,0.008457767
12316,0.0,0.0,0.32005748
3413,0.0,1.0,0.8003873
11671,1.0,1.0,0.9931225
50,1.0,1.0,0.9999567
8273,1.0,1.0,0.9999999
2660,0.0,0.0,9.097099e-06
148,1.0,1.0,0.98235345
2512,0.0,0.0,1.3071816e-05
9654,1.0,1.0,0.99999964
12063,0.0,0.0,1.5348698e-08
2747,0.0,0.0,2.4787488e-13
3436,1.0,1.0,0.99999976
3606,1.0,0.0,0.0005323201
6499,1.0,1.0,0.9999192
4714,1.0,1.0,1.0
5849,0.0,0.0,3.630292e-10
11288,1.0,1.0,0.9999999
9753,0.0,0.0,0.4409352
8710,1.0,1.0,0.9996325
5050,1.0,0.0,0.1427416
9094,0.0,1.0,0.673163
9037,1.0,1.0,0.8191104
1408,0.0,0.0,1.07384e-06
5121,1.0,1.0,0.99999976
8469,1.0,1.0,0.99415946
9515,1.0,1.0,0.9869981
4277,1.0,1.0,1.0
5864,0.0,0.0,2.6393573e-06
1311,0.0,0.0,1.5107133e-16
7994,0.0,0.0,2.3464624e-08
2650,0.0,0.0,2.79946e-06
176,1.0,1.0,0.99942684
8382,1.0,1.0,0.9999188
3949,1.0,1.0,0.99998355
8145,0.0,0.0,0.00064937165
9644,1.0,1.0,1.0
6615,1.0,1.0,0.9999969
1836,1.0,0.0,0.24225372
1155,0.0,0.0,1.3978022e-06
2220,1.0,1.0,0.9999994
10455,1.0,1.0,1.0
4492,1.0,1.0,0.9998791
10364,1.0,1.0,0.99997735
6855,1.0,1.0,0.9999975
3782,1.0,1.0,0.9999993
4004,1.0,1.0,0.99951696
11433,0.0,0.0,0.068695076
2814,0.0,0.0,4.3962846e-05
8431,0.0,0.0,0.00053614785
5166,1.0,0.0,0.0029472734
6871,1.0,1.0,1.0
1269,0.0,0.0,2.7150747e-11
1557,0.0,0.0,0.017054748
2973,0.0,1.0,0.9671021
4896,1.0,0.0,0.11897737
5763,0.0,0.0,1.8189493e-15
8730,1.0,1.0,0.9998807
7208,1.0,1.0,0.99749655
6566,1.0,1.0,1.0
11205,1.0,1.0,0.9995272
3253,0.0,0.0,0.002747306
1646,1.0,1.0,0.99575543
8444,1.0,1.0,0.9999999
497,1.0,1.0,0.99868757
7977,0.0,0.0,3.1576783e-06
6500,0.0,0.0,0.029030744
1705,1.0,1.0,0.9996737
8243,1.0,1.0,0.96877533
4050,1.0,1.0,0.98342013
5386,0.0,0.0,0.23989056
5604,0.0,0.0,3.7370734e-10
10807,0.0,0.0,5.8841728e-08
5939,0.0,0.0,3.8994835e-14
6737,1.0,1.0,1.0
1173,0.0,0.0,1.5578729e-07
10561,0.0,1.0,0.99838364
8405,1.0,1.0,0.9889549
5280,1.0,1.0,0.9899312
1680,1.0,1.0,0.9801036
5525,0.0,0.0,1.031107e-28
3199,1.0,1.0,0.95721817
2255,1.0,1.0,0.9999931
6885,1.0,1.0,1.0
3937,0.0,0.0,0.07578279
11077,0.0,1.0,0.9938445
10237,0.0,0.0,0.02980062
12042,1.0,0.0,0.4505178
7362,1.0,1.0,0.9743086
4149,0.0,0.0,0.0008312156
9803,0.0,1.0,0.6354796
11546,0.0,0.0,1.2330573e-09
8168,0.0,0.0,0.2943939
12300,0.0,0.0,6.073074e-06
4907,1.0,1.0,0.999811
9844,1.0,1.0,0.997938
9340,0.0,1.0,0.6971101
5,0.0,0.0,0.0010600626
860,1.0,1.0,0.9999982
118,0.0,0.0,1.9269471e-08
10655,1.0,1.0,0.9999875
1063,1.0,1.0,0.99998915
9458,1.0,1.0,0.6223329
10386,1.0,1.0,0.57003874
1778,1.0,1.0,1.0
7801,1.0,1.0,0.8293125
7301,1.0,0.0,0.48590878
5118,1.0,1.0,1.0
2060,1.0,1.0,0.9998092
7722,1.0,1.0,0.9999999
1075,0.0,0.0,9.6226685e-08
6352,0.0,0.0,2.6060736e-05
4501,0.0,1.0,0.7119611
9347,0.0,1.0,0.690835
9669,0.0,0.0,0.26043946
5798,0.0,0.0,3.5313752e-13
12402,0.0,1.0,0.9655964
10667,1.0,1.0,1.0
2773,0.0,0.0,0.29568887
7578,0.0,0.0,9.56756e-09
9171,0.0,0.0,0.02562733
1992,1.0,1.0,1.0
4186,1.0,1.0,0.9991992
3050,1.0,1.0,0.99935645
4430,0.0,0.0,8.911181e-07
8133,0.0,1.0,0.952224
6932,1.0,1.0,1.0
6310,1.0,1.0,0.9999862
424,1.0,1.0,0.99999964
883,1.0,1.0,0.99927515
11820,0.0,0.0,6.4593314e-07
9217,0.0,0.0,2.0639145e-06
3326,0.0,0.0,9.542443e-06
4612,1.0,1.0,0.99992216
2351,0.0,0.0,1.2730461e-06
6665,1.0,1.0,0.99999976
2136,1.0,0.0,0.0061805737
10154,1.0,1.0,1.0
4675,0.0,1.0,0.7712099
7911,1.0,1.0,0.9998198
6537,1.0,1.0,1.0
7839,1.0,1.0,0.96004826
11917,0.0,0.0,3.2434994e-07
8597,1.0,1.0,0.99903834
12117,0.0,0.0,2.5221602e-06
257,1.0,1.0,0.99999964
8283,1.0,1.0,0.9999999
11713,1.0,1.0,0.99999726
10810,0.0,1.0,0.9993611
666,1.0,1.0,1.0
1299,0.0,0.0,0.00060262147
5907,0.0,0.0,3.573522e-08
10869,1.0,0.0,0.057831664
11385,1.0,0.0,0.3256284
11611,1.0,0.0,0.05923017
12180,1.0,1.0,0.9989039
11226,0.0,0.0,8.927317e-06
4336,0.0,0.0,0.33803487
4308,1.0,0.0,0.17886238
2159,0.0,0.0,2.1261913e-10
731,0.0,0.0,2.2945642e-05
6114,0.0,0.0,1.3206339e-06
10243,0.0,0.0,7.436748e-11
2661,0.0,0.0,3.2471532e-06
11847,1.0,1.0,0.9608608
1648,0.0,0.0,0.007788477
887,1.0,1.0,1.0
1570,1.0,1.0,0.99992085
7313,1.0,0.0,0.25532296
6403,0.0,0.0,0.13727121
8745,0.0,0.0,0.0013250653
5434,0.0,0.0,3.657498e-08
5406,0.0,0.0,0.15635988
202,1.0,1.0,0.9738361
2920,1.0,1.0,1.0
9387,1.0,1.0,0.9999722
19,1.0,1.0,0.99706453
10439,1.0,1.0,0.999997
842,1.0,1.0,0.9999994
8177,0.0,0.0,2.9040206e-05
923,0.0,1.0,0.9989039
2537,0.0,0.0,2.415873e-08
10698,0.0,0.0,0.0065694093
11321,0.0,0.0,0.11714087
7130,0.0,0.0,1.6865688e-05
8869,1.0,1.0,0.99586415
10043,1.0,1.0,1.0
3123,1.0,1.0,0.9999378
9147,0.0,0.0,9.285178e-06
2711,1.0,1.0,0.9999366
11895,1.0,1.0,0.99736065
8684,1.0,1.0,0.85723966
5722,0.0,0.0,0.01789445
8098,0.0,1.0,0.8714333
8163,0.0,0.0,0.0013093274
3538,1.0,1.0,0.9977781
11500,0.0,0.0,2.2984426e-05
1007,1.0,1.0,0.99911386
11971,0.0,0.0,2.1763133e-06
5173,0.0,0.0,1.851458e-05
9872,0.0,0.0,4.744724e-08
306,0.0,1.0,0.992724
1594,0.0,0.0,0.003436335
6617,0.0,1.0,0.99998033
10459,1.0,1.0,0.99999964
12388,1.0,1.0,0.9848653
478,0.0,0.0,0.13835214
7202,0.0,0.0,0.0639156
9448,1.0,1.0,0.9999629
1459,0.0,0.0,4.716834e-06
6130,0.0,0.0,7.752437e-09
10429,1.0,1.0,0.9886515
594,1.0,1.0,1.0
9561,0.0,1.0,0.6120102
8093,1.0,1.0,0.99940395
7127,0.0,0.0,0.00028285163
7713,1.0,1.0,0.9999994
8721,1.0,0.0,0.00746744
9168,1.0,1.0,0.9999273
7014,1.0,0.0,0.037225638
12045,1.0,1.0,0.99999285
7849,0.0,0.0,7.1029426e-05
5581,0.0,0.0,5.19818e-07
8747,0.0,0.0,7.2935717e-07
8523,1.0,1.0,0.9998022
5315,0.0,0.0,0.091267705
8850,1.0,1.0,1.0
5771,0.0,0.0,1.0762169e-15
2231,0.0,1.0,0.5640368
1944,0.0,1.0,0.99973637
6720,1.0,1.0,0.9995852
8224,1.0,1.0,1.0
6771,1.0,1.0,1.0
838,1.0,1.0,0.9637552
10169,1.0,1.0,0.9999956
9491,1.0,0.0,0.44925082
1428,1.0,0.0,0.17868568
2718,0.0,1.0,0.99688727
8755,0.0,0.0,0.001191124
5277,0.0,1.0,0.9975333
1413,0.0,0.0,0.0052889166
9545,1.0,1.0,0.6907157
8195,1.0,1.0,0.9998846
5382,0.0,0.0,0.046021685
8965,1.0,1.0,0.9936639
942,1.0,1.0,1.0
7455,0.0,0.0,0.0019146176
10476,0.0,0.0,2.005767e-10
6856,0.0,0.0,3.2687178e-05
3156,1.0,1.0,0.9999926
4181,1.0,1.0,1.0
5457,0.0,0.0,3.794219e-12
3896,1.0,0.0,2.3842886e-14
4577,1.0,1.0,0.99999976
7477,0.0,0.0,1.4624303e-06
1371,0.0,0.0,4.1617486e-12
2405,0.0,0.0,0.00012875297
12184,1.0,1.0,0.9999845
8670,0.0,0.0,1.0820582e-05
1369,1.0,1.0,1.0
5996,1.0,0.0,0.028151097
12215,1.0,0.0,0.0029269503
6553,0.0,0.0,0.26089478
6549,1.0,1.0,0.9999534
2853,0.0,0.0,3.8138606e-07
7527,0.0,0.0,9.332975e-17
11787,0.0,0.0,0.0075732125
5559,0.0,0.0,1.5696072e-10
4928,1.0,1.0,0.9999486
6512,0.0,0.0,0.083553605
6727,1.0,1.0,0.99995923
3206,0.0,0.0,2.0198177e-14
7349,0.0,0.0,0.00020675319
9426,0.0,0.0,5.0868944e-06
11876,0.0,0.0,4.628568e-06
5927,0.0,0.0,8.2343466e-16
6077,1.0,1.0,0.99586236
1416,1.0,0.0,0.0399147
10369,1.0,1.0,0.56117004
8411,0.0,1.0,0.54593676
2061,0.0,0.0,0.060152624
5461,0.0,0.0,2.1365251e-10
3084,1.0,1.0,0.9894964
8187,0.0,1.0,0.79481316
9292,0.0,0.0,0.04009592
11368,1.0,0.0,0.43689173
11703,1.0,1.0,0.9956285
5843,0.0,0.0,4.7983063e-05
8497,0.0,0.0,0.36208653
8208,1.0,1.0,0.99886584
8329,1.0,1.0,0.9999951
1319,1.0,1.0,0.9508706
828,1.0,1.0,0.74571013
3988,0.0,0.0,2.559921e-10
6896,1.0,1.0,0.8892054
8009,0.0,1.0,0.87795454
6107,0.0,0.0,2.03501e-07
4643,1.0,1.0,0.9165883
3749,1.0,1.0,1.0
4670,0.0,0.0,1.3585201e-06
10737,1.0,1.0,1.0
4863,1.0,1.0,0.7894162
7700,1.0,1.0,0.9998523
180,0.0,1.0,0.9979438
2109,0.0,1.0,0.9997768
2073,0.0,0.0,5.7252875e-10
10641,1.0,1.0,0.6205876
2043,1.0,1.0,0.99999285
1243,0.0,0.0,2.7216151e-07
6313,1.0,1.0,1.0
6680,1.0,1.0,0.9561343
12285,0.0,0.0,0.47178236
10954,0.0,0.0,0.02855763
5594,0.0,0.0,4.2849646e-08
196,0.0,0.0,4.487367e-12
269,1.0,1.0,1.0
10335,0.0,0.0,0.45945877
2668,0.0,0.0,1.1257719e-06
7501,1.0,1.0,0.99999833
10651,1.0,1.0,1.0
6681,1.0,0.0,0.24579144
7961,1.0,1.0,0.9997359
522,1.0,0.0,0.049870607
11738,0.0,0.0,0.0005804401
454,1.0,1.0,0.9973303
6444,1.0,1.0,0.99936455
2036,0.0,1.0,0.7887816
8762,0.0,0.0,0.11757476
7390,0.0,0.0,2.0148834e-08
3246,0.0,0.0,0.25075686
5857,0.0,1.0,0.6789659
11031,0.0,0.0,6.302238e-10
9133,1.0,1.0,0.9553021
6401,0.0,0.0,0.0014425522
9904,1.0,1.0,0.94145757
7857,0.0,1.0,0.9988199
2801,0.0,0.0,0.0001299696
8380,1.0,1.0,1.0
7585,1.0,0.0,0.08675541
9034,1.0,1.0,0.93415725
6612,1.0,1.0,0.9615345
9100,0.0,0.0,0.020360457
5789,0.0,0.0,9.551914e-13
7179,0.0,0.0,3.0798208e-05
11039,0.0,0.0,1.3613655e-06
5492,0.0,0.0,1.5741621e-06
9498,0.0,0.0,0.0021798187
2903,0.0,0.0,0.108931415
7141,0.0,0.0,7.043855e-07
5202,0.0,0.0,0.28523725
9026,1.0,1.0,0.99999666
4093,0.0,0.0,9.447237e-10
6814,0.0,0.0,9.617436e-07
9286,1.0,1.0,1.0
5794,0.0,0.0,0.023908464
2658,0.0,0.0,0.0039869347
8292,1.0,1.0,0.9999945
3984,0.0,0.0,3.496773e-07
2001,1.0,1.0,0.99999976
6159,0.0,0.0,5.2116565e-08
9980,0.0,1.0,0.6484838
10677,1.0,1.0,0.99896955
7370,0.0,0.0,0.017932832
6739,1.0,1.0,0.99999964
2105,0.0,0.0,0.0069190827
9660,0.0,0.0,0.0006414955
874,1.0,1.0,1.0
8441,1.0,1.0,1.0
3579,1.0,1.0,1.0
4015,1.0,1.0,1.0
405,1.0,1.0,1.0
3603,1.0,1.0,0.9999858
4407,0.0,0.0,0.0085066315
11026,1.0,1.0,0.9995503
6476,1.0,1.0,1.0
11758,0.0,0.0,0.00020756816
8776,0.0,0.0,0.049510393
10885,0.0,0.0,1.1388037e-07
3360,1.0,1.0,0.9999995
621,0.0,0.0,0.00023982768
10014,0.0,0.0,0.11063214
543,0.0,0.0,5.1313798e-14
3971,0.0,0.0,4.549098e-11
11525,1.0,1.0,0.86946833
5663,0.0,0.0,3.5092849e-06
2225,0.0,0.0,0.02528328
92,1.0,1.0,0.9999994
2935,1.0,1.0,0.981236
5658,0.0,0.0,1.5136519e-06
6206,1.0,1.0,0.5717064
253,1.0,1.0,0.9999926
6122,0.0,1.0,0.52429205
10212,0.0,0.0,1.1274015e-05
3881,1.0,1.0,0.99980253
867,1.0,1.0,1.0
3877,1.0,1.0,0.9993907
214,1.0,1.0,0.9966599
12108,1.0,1.0,1.0
1352,1.0,1.0,1.0
3016,1.0,1.0,0.99999964
11618,1.0,0.0,0.0018350058
11801,1.0,0.0,0.006943299
12225,1.0,1.0,0.9929917
7534,0.0,0.0,0.00036694043
2422,1.0,1.0,0.8849695
7601,0.0,0.0,0.4970055
4147,1.0,1.0,0.65808105
3917,0.0,0.0,1.3640064e-06
1320,1.0,0.0,0.005455677
12145,1.0,0.0,0.0013451594
9066,0.0,1.0,0.88968164
11234,1.0,1.0,0.99898404
8270,1.0,1.0,0.9999975
2543,0.0,0.0,2.8340122e-10
1664,0.0,0.0,0.0010231233
9134,1.0,1.0,0.9999794
8970,1.0,1.0,0.92121136
999,0.0,0.0,0.3001357
9071,1.0,1.0,0.601823
11884,1.0,1.0,0.8200788
9794,0.0,0.0,0.24686044
9930,1.0,0.0,0.081655115
5292,0.0,0.0,5.132789e-06
4715,0.0,1.0,0.5357267
10140,0.0,0.0,0.0078076543
49,1.0,1.0,0.999998
10462,1.0,1.0,1.0
7835,1.0,1.0,0.9992563
2287,1.0,1.0,0.99999666
9894,0.0,0.0,1.8680264e-06
6238,1.0,1.0,1.0
1722,1.0,1.0,1.0
10305,1.0,1.0,0.99999976
3025,1.0,1.0,0.81633353
991,1.0,0.0,0.43485242
7800,1.0,1.0,0.9947607
2128,0.0,0.0,5.0908035e-05
10196,1.0,1.0,1.0
3163,1.0,1.0,0.99612767
9616,0.0,0.0,3.9308725e-09
1045,1.0,1.0,1.0
8020,1.0,1.0,1.0
558,0.0,0.0,7.0074464e-07
5068,0.0,0.0,0.0004361342
6251,0.0,0.0,0.000165378
10311,1.0,1.0,1.0
3706,0.0,1.0,0.8991783
8736,1.0,0.0,9.0976204e-07
7732,1.0,1.0,1.0
10680,1.0,1.0,1.0
7662,1.0,1.0,0.9756821
2691,1.0,1.0,0.8755437
12050,0.0,1.0,0.94180363
12231,0.0,0.0,0.20261194
10777,0.0,0.0,3.6019598e-09
10853,1.0,1.0,0.9999943
8603,1.0,1.0,0.9970734
4248,1.0,1.0,0.99882764
5330,1.0,1.0,0.9901064
5936,0.0,0.0,1.4512808e-18
27,0.0,0.0,0.014968217
10063,0.0,0.0,1.24462e-22
5929,0.0,0.0,4.613863e-20
1113,1.0,0.0,0.49769485
4100,0.0,0.0,1.9687987e-11
4770,1.0,1.0,0.84595513
12007,1.0,1.0,0.9711483
289,1.0,1.0,1.0
2348,0.0,0.0,7.310274e-15
6908,0.0,0.0,0.018983178
5401,0.0,0.0,7.0534134e-06
3856,0.0,0.0,2.1026618e-07
3325,1.0,1.0,0.9999964
11386,1.0,0.0,0.18394981
345,0.0,0.0,0.08955037
787,1.0,1.0,0.9999881
3462,0.0,1.0,0.9400851
8540,0.0,1.0,0.9698682
447,0.0,0.0,0.0051799486
9489,0.0,0.0,0.0031053128
8200,1.0,1.0,0.9427576
2988,1.0,1.0,1.0
3663,1.0,1.0,0.53873837
7398,0.0,0.0,3.3510652e-05
10803,0.0,0.0,1.8227097e-12
7463,0.0,0.0,3.490998e-05
3287,0.0,0.0,0.001516485
5866,0.0,0.0,2.4047648e-09
10148,0.0,0.0,2.9309498e-12
9105,0.0,0.0,0.06351384
1678,1.0,1.0,0.9954514
1620,0.0,0.0,0.05174231
7841,0.0,0.0,0.0009577994
7226,1.0,0.0,0.06437259
1471,0.0,0.0,0.0013409831
12005,0.0,0.0,0.19938485
917,1.0,1.0,0.99999964
8362,1.0,1.0,1.0
7064,0.0,0.0,7.898251e-06
8580,0.0,0.0,0.0011207991
2353,0.0,0.0,0.027288688
7322,1.0,1.0,0.99934894
4036,1.0,1.0,0.9999995
11748,0.0,0.0,1.3078874e-05
1396,0.0,0.0,0.012205229
6936,0.0,0.0,0.0014063242
10997,1.0,1.0,0.917909
516,0.0,0.0,0.16877015
4411,0.0,0.0,0.1495065
6970,1.0,1.0,0.93402255
5930,0.0,0.0,3.4222227e-21
3237,1.0,1.0,1.0
9103,0.0,0.0,0.0012924328
10060,0.0,0.0,1.5765103e-07
5591,0.0,0.0,2.6515224e-07
2972,1.0,0.0,0.49830917
767,0.0,0.0,0.072043836
8136,1.0,1.0,0.9440184
8781,1.0,1.0,0.9988129
2492,0.0,0.0,1.0888979e-13
2062,0.0,0.0,0.22171432
11842,0.0,1.0,0.9999118
8527,1.0,1.0,0.98133445
5721,0.0,0.0,3.1318923e-12
6690,1.0,1.0,0.9999932
4746,1.0,1.0,0.8515226
1835,1.0,1.0,1.0
1191,0.0,0.0,1.6463645e-15
6884,1.0,1.0,0.9999994
11373,1.0,1.0,1.0
11280,1.0,1.0,0.9125569
2482,1.0,1.0,0.9920806
4822,1.0,1.0,1.0
1374,0.0,0.0,7.0197857e-06
8794,1.0,1.0,0.9998529
8418,0.0,0.0,0.01511734
6168,0.0,0.0,0.40139693
87,1.0,1.0,1.0
2026,1.0,1.0,0.5799685
1988,1.0,1.0,1.0
11129,1.0,1.0,0.9998192
660,1.0,1.0,0.9999988
7751,0.0,0.0,4.529331e-05
11951,0.0,0.0,0.008631997
6697,1.0,1.0,1.0
10403,1.0,1.0,1.0
899,1.0,1.0,0.99958354
4985,0.0,0.0,0.18494694
2855,0.0,0.0,2.8666364e-10
959,0.0,0.0,2.4970899e-09
6141,0.0,0.0,0.12173815
11349,0.0,0.0,4.9822243e-06
9047,1.0,1.0,0.9992969
5418,0.0,0.0,5.214101e-16
4723,0.0,0.0,0.03587126
9840,1.0,1.0,1.0
10802,0.0,0.0,0.015396348
7255,1.0,1.0,1.0
10521,0.0,0.0,6.261444e-06
8064,1.0,1.0,0.88394284
9308,0.0,1.0,0.9727844
10009,0.0,0.0,0.0017110059
9311,0.0,0.0,0.01963526
9407,0.0,0.0,3.2904507e-05
773,1.0,1.0,0.9871963
224,0.0,0.0,1.0600331e-05
8805,1.0,1.0,1.0
10158,0.0,0.0,0.0053933416
4235,1.0,1.0,0.9999926
7804,1.0,1.0,0.9986683
2562,0.0,0.0,1.3196557e-06
8404,1.0,1.0,0.9953112
1862,1.0,1.0,0.99999225
11890,0.0,0.0,1.6547407e-20
11113,1.0,1.0,1.0
9481,1.0,1.0,1.0
6905,1.0,1.0,0.95082706
1558,1.0,1.0,0.86882305
10287,1.0,1.0,0.99977225
4024,1.0,1.0,0.99999976
2716,0.0,0.0,0.0011139924
4132,1.0,1.0,0.99997306
9440,1.0,0.0,0.38493
976,1.0,1.0,0.98901385
3353,1.0,1.0,0.99706334
5533,0.0,0.0,4.9362673e-18
11913,0.0,0.0,5.228121e-09
5700,0.0,0.0,3.6988808e-09
1666,1.0,0.0,0.017642332
8898,1.0,1.0,0.98831534
6372,0.0,0.0,1.0306638e-07
10443,0.0,1.0,0.8433202
7411,0.0,0.0,4.872963e-11
7889,1.0,1.0,0.9976374
4076,0.0,0.0,1.0439848e-15
11404,0.0,0.0,0.001019126
10670,1.0,1.0,1.0
3899,0.0,0.0,0.0096707605
10437,1.0,0.0,0.137154
4141,0.0,0.0,6.028294e-05
11924,0.0,0.0,8.18824e-08
6802,1.0,1.0,1.0
8726,1.0,1.0,1.0
5566,1.0,0.0,2.6978875e-09
11704,0.0,0.0,0.25614053
8703,1.0,0.0,0.120047085
1257,0.0,0.0,9.7469425e-17
7125,1.0,1.0,0.99540836
11521,0.0,0.0,0.03428689
11081,1.0,0.0,0.008309741
11505,0.0,0.0,4.070842e-09
8590,0.0,0.0,1.5679855e-10
6503,0.0,0.0,0.034542374
10179,0.0,1.0,1.0
1137,1.0,0.0,8.2964674e-05
1000,1.0,0.0,0.1495312
4600,1.0,1.0,0.9999125
3461,1.0,1.0,0.99727964
802,1.0,1.0,0.9999988
1068,1.0,1.0,0.99068624
9102,0.0,0.0,0.008593818
11788,0.0,0.0,1.0131131e-05
9897,0.0,0.0,7.7847864e-05
3722,0.0,0.0,1.9226572e-10
8491,0.0,1.0,0.8772193
7756,0.0,1.0,0.9999391
510,1.0,1.0,0.999997
11595,1.0,1.0,0.9999311
8742,0.0,0.0,8.336487e-11
9508,1.0,1.0,0.99992394
8305,0.0,1.0,0.8279767
8872,1.0,1.0,0.9999713
12217,0.0,0.0,0.04608173
1073,1.0,0.0,0.0016070749
2993,1.0,1.0,1.0
6419,0.0,1.0,0.99624276
623,0.0,0.0,9.470182e-05
5639,0.0,0.0,1.26116364e-26
9873,0.0,0.0,6.747182e-10
5565,0.0,0.0,1.2147065e-05
9143,0.0,0.0,0.0005959978
88,1.0,1.0,0.99518126
7371,0.0,1.0,0.99567956
10343,0.0,0.0,1.0054106e-07
6284,1.0,1.0,0.9999993
4439,1.0,0.0,0.14539765
470,0.0,1.0,0.9999995
9382,1.0,1.0,1.0
10630,1.0,1.0,0.9726274
1142,0.0,0.0,1.2519938e-11
8751,0.0,0.0,2.3532935e-07
6696,1.0,1.0,0.9997621
7737,1.0,1.0,1.0
4317,1.0,1.0,0.9999994
5759,0.0,0.0,6.7989585e-18
4396,1.0,1.0,0.99999917
9053,1.0,1.0,0.9999963
6275,0.0,0.0,0.00018845411
5455,0.0,0.0,6.4655214e-06
12190,0.0,0.0,0.08301001
1313,0.0,0.0,1.4391566e-08
11660,0.0,1.0,0.6191838
8795,0.0,1.0,0.96517587
1001,1.0,1.0,1.0
4885,0.0,1.0,0.99589705
2601,1.0,1.0,0.9712785
4903,0.0,0.0,6.112237e-08
2461,0.0,0.0,9.276965e-24
2110,0.0,0.0,2.4411031e-08
4421,1.0,1.0,0.99999976
2640,0.0,0.0,0.0008200622
10000,1.0,1.0,0.9980903
530,1.0,1.0,0.99863213
11188,1.0,1.0,0.99999714
4236,1.0,1.0,0.66559476
2961,0.0,0.0,0.0008029022
8665,0.0,0.0,1.8238788e-06
11382,1.0,0.0,0.0031781406
8423,0.0,0.0,0.23116967
8790,1.0,1.0,0.9722745
3826,0.0,0.0,0.23571335
2017,0.0,0.0,2.7235465e-05
1483,0.0,1.0,0.977974
9336,0.0,1.0,0.9541009
11789,0.0,0.0,5.652162e-07
13,0.0,0.0,0.021164196
10988,0.0,0.0,0.0049840473
1324,0.0,0.0,1.7888382e-05
9064,1.0,1.0,0.99998796
3134,1.0,1.0,1.0
319,0.0,0.0,0.008721099
7830,1.0,1.0,0.94000316
6425,1.0,0.0,0.001173427
9579,0.0,0.0,0.031622007
9732,0.0,0.0,0.0033241415
2556,0.0,0.0,0.0022962375
7912,1.0,1.0,0.9998989
1348,1.0,1.0,1.0
4122,0.0,0.0,1.399604e-07
7906,1.0,1.0,0.7734142
1003,1.0,1.0,1.0
7686,1.0,1.0,0.99999225
4929,1.0,1.0,1.0
4838,1.0,1.0,1.0
7981,0.0,0.0,1.5258262e-06
8613,1.0,1.0,0.9961843
3709,0.0,0.0,0.031896222
3470,1.0,1.0,0.99993503
4299,0.0,1.0,0.9964139
7659,0.0,0.0,0.0012325558
1642,0.0,1.0,0.9988463
5653,0.0,0.0,5.2531625e-12
4998,0.0,0.0,0.018855594
6693,1.0,1.0,0.99999976
295,1.0,1.0,0.9999987
10633,0.0,0.0,1.2212228e-10
11702,1.0,1.0,0.8949201
11384,0.0,0.0,5.748568e-08
590,1.0,1.0,0.99999785
3607,0.0,0.0,9.885681e-09
11244,0.0,0.0,3.9336734e-05
9431,1.0,1.0,0.9873482
7129,0.0,0.0,0.044204492
11047,0.0,0.0,1.3382874e-05
10174,1.0,1.0,1.0
1067,0.0,0.0,0.33146194
8698,1.0,1.0,0.9052735
4201,1.0,1.0,0.9999691
9226,0.0,0.0,1.4757607e-07
6744,1.0,1.0,1.0
7900,1.0,1.0,1.0
6523,1.0,1.0,0.9999989
6731,1.0,1.0,1.0
8372,1.0,1.0,0.9999975
11674,0.0,0.0,5.709002e-08
6224,1.0,1.0,1.0
6091,1.0,1.0,1.0
7058,0.0,1.0,0.970975
5448,0.0,0.0,0.00235157
2647,0.0,0.0,0.0013632968
682,1.0,1.0,1.0
1690,1.0,1.0,1.0
5698,0.0,0.0,0.00088950945
6175,0.0,0.0,3.5916678e-10
6963,1.0,0.0,0.1816731
8281,1.0,1.0,1.0
6257,0.0,1.0,0.9899815
6228,1.0,1.0,1.0
12183,1.0,1.0,0.9999881
4854,1.0,1.0,0.99999857
10021,1.0,1.0,1.0
7755,1.0,0.0,0.015160759
2577,0.0,0.0,0.047131285
10711,1.0,1.0,1.0
1305,0.0,0.0,7.9566325e-21
4071,0.0,0.0,2.8146758e-08
5362,0.0,0.0,0.041989733
741,0.0,0.0,2.851255e-09
9608,1.0,1.0,0.99993396
3962,1.0,1.0,0.96622336
6760,1.0,1.0,1.0
8118,0.0,0.0,0.008586914
3550,1.0,1.0,0.9999591
5203,0.0,0.0,0.0008452647
2463,0.0,0.0,6.649936e-12
2150,1.0,1.0,0.99631125
1733,1.0,1.0,1.0
1034,1.0,1.0,1.0
4905,1.0,1.0,0.8005413
9317,0.0,0.0,1.389064e-05
8604,0.0,0.0,0.04088843
5586,0.0,0.0,9.327256e-22
10045,1.0,1.0,1.0
12019,0.0,0.0,0.1634006
5945,0.0,0.0,6.8378535e-15
8837,1.0,1.0,0.8270859
5875,0.0,0.0,1.1552695e-21
9255,0.0,0.0,2.4249691e-06
11605,1.0,1.0,0.6038588
8164,1.0,1.0,0.9866151
4415,1.0,1.0,0.79024595
2836,1.0,1.0,0.99853253
2276,0.0,0.0,3.5419376e-10
7547,0.0,0.0,4.342468e-05
435,1.0,1.0,0.99498343
805,0.0,1.0,1.0
7205,1.0,1.0,1.0
3468,1.0,1.0,1.0
6430,0.0,0.0,3.3660872e-05
8942,0.0,1.0,0.93725055
5545,0.0,0.0,1.2083757e-16
2532,1.0,1.0,0.99274594
7062,0.0,0.0,0.072098754
9218,0.0,0.0,3.129563e-20
3330,1.0,1.0,1.0
5375,0.0,0.0,2.57937e-09
3838,1.0,1.0,1.0
7938,0.0,0.0,1.919843e-06
3854,0.0,0.0,4.6201613e-08
10653,1.0,1.0,0.9999999
9902,1.0,1.0,0.9987042
5323,0.0,0.0,0.0034099245
1721,1.0,1.0,1.0
9314,0.0,0.0,0.021494795
610,1.0,1.0,0.99991953
9877,0.0,0.0,1.5840924e-09
4760,1.0,1.0,0.9999999
11673,0.0,0.0,3.1469156e-16
11716,1.0,0.0,0.111651875
732,1.0,1.0,0.9999987
6280,1.0,1.0,0.9999782
2416,0.0,0.0,0.011772035
9879,0.0,0.0,7.971112e-09
2956,1.0,1.0,0.97027504
2222,0.0,0.0,0.0004742875
10892,0.0,0.0,8.3819307e-10
822,1.0,0.0,0.015819913
11035,0.0,0.0,1.15824336e-14
4981,1.0,1.0,0.99975044
6541,1.0,1.0,1.0
5177,1.0,1.0,0.6160371
10313,1.0,1.0,0.99987996
1456,0.0,0.0,0.13111112
1373,0.0,1.0,0.7584651
9203,0.0,0.0,0.00062506815
3620,0.0,0.0,9.5091985e-07
9384,1.0,1.0,0.9999987
11094,0.0,0.0,0.16729318
7718,1.0,1.0,0.9999999
5425,0.0,0.0,1.8986017e-14
1074,0.0,1.0,0.9986571
8271,1.0,1.0,0.99999976
8623,1.0,1.0,0.99954873
2685,1.0,1.0,0.9999366
7121,0.0,1.0,0.56024754
1475,0.0,0.0,0.31981704
1127,1.0,1.0,0.9998118
3778,1.0,1.0,0.99843615
2267,1.0,1.0,0.99997103
11719,1.0,1.0,1.0
5984,1.0,1.0,0.99996305
5651,0.0,0.0,5.0669933e-05
8911,1.0,1.0,0.99979
5868,0.0,0.0,2.8055726e-13
267,1.0,1.0,1.0
5821,0.0,0.0,6.289743e-07
810,1.0,0.0,0.010018062
157,0.0,0.0,3.6420835e-05
10693,0.0,0.0,0.0029388294
7199,0.0,1.0,0.999383
4792,1.0,0.0,0.017348988
6074,0.0,0.0,0.03264072
4637,0.0,1.0,0.992782
926,0.0,1.0,0.94745904
6491,1.0,0.0,0.00014770291
12235,0.0,1.0,0.93981516
8529,1.0,1.0,1.0
12246,1.0,1.0,0.99998486
11590,1.0,1.0,0.9866051
5933,0.0,0.0,8.0913114e-13
4681,1.0,1.0,1.0
1924,0.0,0.0,2.4222687e-05
2173,0.0,0.0,0.0045628655
1575,1.0,1.0,1.0
11554,0.0,0.0,7.910837e-11
670,1.0,1.0,0.95826185
11676,0.0,0.0,0.00033831567
8615,1.0,1.0,1.0
4800,1.0,0.0,2.0547855e-14
4145,0.0,0.0,0.011214853
2702,1.0,0.0,0.16949141
7690,1.0,1.0,0.88591766
9386,1.0,1.0,0.99999845
1774,0.0,1.0,0.9785801
4874,1.0,1.0,0.94771826
7856,0.0,1.0,0.9931839
6316,1.0,1.0,0.99999595
10224,0.0,0.0,1.1642169e-10
8239,1.0,1.0,1.0
2765,0.0,0.0,3.542665e-11
11022,1.0,1.0,1.0
10141,0.0,0.0,0.001490275
9189,1.0,1.0,0.8483064
5650,0.0,0.0,6.172671e-18
11342,1.0,1.0,0.78974724
12185,1.0,1.0,0.99999976
2750,0.0,0.0,7.125436e-11
10038,1.0,1.0,1.0
1573,1.0,1.0,0.9996432
8342,1.0,1.0,1.0
7050,1.0,0.0,0.34856412
8368,1.0,1.0,0.9999802
6211,1.0,0.0,0.40670153
7110,1.0,1.0,0.99985754
3350,1.0,1.0,0.51249975
5659,0.0,0.0,0.0001738658
4890,0.0,1.0,0.99999654
7470,0.0,0.0,0.0024812922
2764,0.0,0.0,1.906241e-09
11973,0.0,1.0,0.99971217
7103,1.0,1.0,0.99880266
414,1.0,1.0,1.0
11700,0.0,0.0,4.859262e-06
1995,1.0,1.0,1.0
10600,0.0,0.0,0.111848086
5013,0.0,1.0,0.902642
11082,0.0,0.0,2.2291767e-06
245,0.0,0.0,0.025487246
8556,0.0,0.0,0.0007203374
1829,1.0,1.0,1.0
6111,1.0,0.0,0.0013912533
2832,0.0,1.0,0.7836742
207,1.0,1.0,1.0
4988,1.0,1.0,0.9843083
6103,0.0,0.0,3.1425404e-06
6951,0.0,0.0,0.069195084
11019,1.0,1.0,1.0
10301,1.0,1.0,1.0
4897,1.0,1.0,1.0
11996,1.0,1.0,0.97101754
5018,1.0,0.0,0.18696484
1022,1.0,1.0,0.9999926
9966,1.0,1.0,0.6401008
4616,1.0,1.0,1.0
11516,1.0,1.0,0.8323215
303,1.0,1.0,0.9999926
4497,0.0,0.0,0.0030090627
2947,0.0,0.0,7.749786e-06
8427,0.0,0.0,0.15020493
11051,0.0,0.0,0.00052107155
5884,1.0,0.0,0.026830357
8743,0.0,1.0,0.99975914
6173,0.0,0.0,1.9006925e-10
7525,0.0,0.0,7.8017594e-20
6792,1.0,1.0,1.0
817,1.0,1.0,0.70753497
1784,0.0,1.0,0.8227335
5951,0.0,0.0,1.0958264e-19
7293,1.0,0.0,0.04848617
8531,1.0,1.0,0.9999049
10524,0.0,1.0,0.998324
4329,1.0,1.0,0.83191776
12151,0.0,0.0,2.0199786e-07
12263,1.0,1.0,0.9999987
3975,0.0,0.0,3.9930906e-11
6215,1.0,1.0,0.9998876
7333,1.0,1.0,0.9992866
4511,1.0,1.0,0.9999969
4825,0.0,0.0,9.1106294e-08
3608,1.0,0.0,0.44477394
11233,0.0,0.0,0.00034694356
2652,0.0,0.0,2.5488467e-05
10991,1.0,1.0,0.99299026
7223,0.0,0.0,0.00056931097
9542,0.0,0.0,0.37448567
10882,0.0,0.0,1.0472215e-08
8261,1.0,1.0,0.99999654
7178,0.0,0.0,0.049536616
9015,0.0,0.0,2.0458422e-06
5784,0.0,0.0,2.8039162e-08
9823,1.0,1.0,0.86029917
794,1.0,1.0,0.96105886
10254,1.0,1.0,0.9973984
9303,1.0,1.0,1.0
2709,1.0,1.0,0.98132646
6365,0.0,0.0,3.1002634e-11
7128,0.0,0.0,0.053105257
7024,0.0,0.0,0.050025877
6581,1.0,1.0,1.0
5837,1.0,1.0,0.7541485
2862,1.0,1.0,0.9999999
7158,0.0,0.0,6.4694483e-10
4831,1.0,1.0,0.9997404
7320,0.0,0.0,0.40475267
7543,0.0,0.0,1.580517e-08
8680,0.0,0.0,6.603347e-12
1146,0.0,0.0,1.5693546e-15
854,1.0,1.0,0.999273
10255,1.0,1.0,0.9999995
2204,0.0,0.0,1.0898797e-07
2800,0.0,0.0,2.068458e-05
10788,1.0,1.0,0.99964774
2100,0.0,0.0,0.0031876627
12089,1.0,1.0,0.99988616
10276,1.0,1.0,1.0
9350,0.0,0.0,0.1457143
11759,0.0,0.0,2.612237e-06
9570,0.0,0.0,1.2603102e-06
7482,0.0,1.0,0.9508468
3645,0.0,1.0,0.9994479
4041,0.0,0.0,7.9185156e-07
11573,1.0,0.0,0.0005288848
11602,0.0,0.0,0.0031855167
2313,1.0,1.0,0.97930896
4228,0.0,0.0,4.6822256e-06
185,1.0,1.0,0.97938824
10657,1.0,1.0,1.0
674,1.0,1.0,0.99990714
11148,0.0,0.0,3.0002978e-14
6304,1.0,1.0,1.0
3452,1.0,1.0,0.5843449
6218,1.0,1.0,1.0
12236,1.0,1.0,0.9889847
107,1.0,1.0,0.56146455
6845,1.0,1.0,0.53893834
4133,1.0,1.0,0.9999995
1056,0.0,1.0,0.9518868
6203,0.0,0.0,0.0078034145
9746,0.0,1.0,0.92579776
4473,1.0,1.0,1.0
1262,0.0,0.0,0.2728913
2522,1.0,0.0,0.0729234
5388,1.0,1.0,0.9996942
659,1.0,1.0,1.0
9916,0.0,0.0,0.0072614574
8097,1.0,1.0,0.9996778
2624,0.0,0.0,0.013715056
8124,1.0,0.0,0.05504074
7033,1.0,1.0,0.9999732
4821,1.0,1.0,0.991383
8943,1.0,1.0,0.8199885
1717,1.0,1.0,1.0
1316,0.0,0.0,2.1753445e-08
6642,1.0,1.0,0.99993956
1780,1.0,1.0,1.0
8109,1.0,1.0,0.9999294
5539,0.0,0.0,6.689454e-29
7688,1.0,1.0,0.9999913
1455,0.0,0.0,0.0025464478
1454,0.0,0.0,0.057607826
7232,0.0,0.0,0.0074520395
11653,1.0,1.0,0.8205391
9757,1.0,1.0,1.0
1432,0.0,0.0,3.228308e-09
8980,1.0,1.0,0.99932575
9111,1.0,0.0,0.034049418
9253,1.0,1.0,0.9989918
4312,1.0,1.0,0.99999595
11212,0.0,0.0,0.00014722344
10114,1.0,1.0,0.99987674
4810,0.0,1.0,0.99972755
11029,0.0,0.0,0.086307906
10217,1.0,0.0,0.4305388
7820,1.0,1.0,0.9728492
9539,0.0,0.0,0.0004524211
7728,1.0,1.0,0.9999448
5582,0.0,0.0,2.1166623e-10
766,0.0,1.0,0.9999819
5351,0.0,0.0,3.1916504e-06
1954,0.0,0.0,1.2450403e-07
9200,0.0,0.0,0.0003669315
2190,0.0,0.0,9.327407e-06
1365,1.0,1.0,0.9999999
8897,1.0,1.0,1.0
7853,0.0,0.0,0.110355765
5738,0.0,0.0,1.1595837e-09
5685,0.0,0.0,7.924311e-14
7587,1.0,1.0,0.9378319
8384,1.0,1.0,0.99999774
11886,0.0,0.0,1.4788061e-08
8205,1.0,1.0,0.59097165
8902,0.0,1.0,0.9002561
849,1.0,1.0,1.0
8691,0.0,0.0,6.934168e-05
6564,1.0,1.0,0.9999951
6152,0.0,0.0,0.0039555067
6852,0.0,0.0,0.0008391967
3915,1.0,0.0,0.016030876
8846,0.0,0.0,5.194637e-05
7677,0.0,0.0,2.4313172e-08
2382,0.0,0.0,0.074100696
5706,0.0,0.0,1.1490512e-06
1082,0.0,0.0,2.0233054e-12
4948,1.0,1.0,0.95660925
1487,0.0,0.0,0.00038624217
4877,1.0,1.0,1.0
6151,0.0,0.0,1.314951e-06
260,1.0,1.0,0.99416155
1767,1.0,1.0,0.99983215
8919,1.0,1.0,0.9999999
3938,1.0,1.0,1.0
10523,1.0,1.0,0.9998776
2311,0.0,0.0,0.009231312
12049,0.0,1.0,0.9441614
6738,1.0,1.0,1.0
11569,0.0,0.0,1.8965486e-07
1046,1.0,1.0,1.0
10291,0.0,0.0,3.792164e-05
7731,1.0,1.0,0.9998442
3477,1.0,1.0,0.99999976
10071,0.0,0.0,1.3608829e-12
1298,0.0,0.0,2.4679539e-05
5080,0.0,0.0,0.00010170187
11859,0.0,0.0,0.0008311737
5626,0.0,0.0,3.2505264e-05
7657,1.0,1.0,0.99861586
10880,1.0,1.0,0.9999926
6325,1.0,1.0,0.9999831
5550,0.0,0.0,0.041721832
1095,1.0,1.0,0.9999511
8514,1.0,1.0,1.0
4801,0.0,0.0,0.002655315
3921,0.0,0.0,0.00047042675
2199,1.0,0.0,0.0029346447
7389,1.0,1.0,0.98696846
4784,0.0,0.0,0.012452754
2116,0.0,0.0,0.00010782301
12025,0.0,1.0,0.9734727
8249,0.0,1.0,0.9999987
4840,1.0,1.0,0.9999995
4819,1.0,1.0,0.9999778
8884,1.0,1.0,0.9992581
6464,1.0,1.0,1.0
6639,1.0,1.0,1.0
10167,1.0,1.0,0.9997416
5898,0.0,0.0,1.1802706e-17
7176,0.0,0.0,0.05679878
7909,1.0,1.0,1.0
10998,1.0,0.0,0.36531863
6672,1.0,1.0,0.9636599
5446,0.0,0.0,0.22164446
1460,1.0,1.0,0.96627676
8386,1.0,1.0,1.0
8820,1.0,1.0,0.99960476
10257,1.0,0.0,0.011467067
2218,0.0,0.0,0.0056911283
9759,1.0,1.0,0.9999676
5441,0.0,0.0,0.2346797
12281,1.0,1.0,0.6411907
8581,1.0,0.0,0.0146583095
9379,1.0,1.0,0.99995065
9122,0.0,1.0,0.936767
8644,1.0,1.0,0.9907251
11137,0.0,1.0,0.99697423
89,1.0,1.0,0.99910575
10124,1.0,1.0,1.0
10331,1.0,1.0,0.824062
10434,0.0,1.0,0.97446036
11419,0.0,0.0,6.1042074e-09
6812,0.0,0.0,2.0465865e-07
337,1.0,1.0,0.628879
5317,0.0,0.0,7.1263827e-07
5093,1.0,0.0,0.2671843
11902,0.0,0.0,3.2770681e-18
8176,1.0,1.0,0.99997616
10410,1.0,1.0,0.91389894
1662,1.0,1.0,0.6847323
3735,0.0,0.0,3.9855466e-09
10039,1.0,1.0,0.9999999
6010,1.0,1.0,0.9999912
12144,0.0,0.0,4.2357965e-06
3734,0.0,0.0,1.4745536e-11
549,0.0,0.0,0.022334354
4747,1.0,0.0,0.22612092
12327,1.0,1.0,0.9983529
3504,0.0,0.0,0.042661432
9614,0.0,0.0,0.020342398
2272,0.0,0.0,0.0011620225
7905,1.0,1.0,1.0
1216,0.0,0.0,3.6463125e-06
3395,1.0,1.0,0.9999995
2491,0.0,0.0,1.3197549e-09
2627,0.0,0.0,7.0713427e-06
6368,0.0,0.0,5.074757e-12
7655,1.0,1.0,0.99153006
10345,0.0,0.0,3.6487543e-07
2223,0.0,0.0,0.006153293
5313,0.0,0.0,1.7248128e-07
4160,1.0,1.0,0.895919
6664,1.0,1.0,1.0
9715,0.0,0.0,2.8171931e-09
7428,1.0,1.0,0.9995353
6108,0.0,0.0,9.148029e-06
3450,0.0,1.0,0.9999995
1247,0.0,0.0,0.00060124823
931,1.0,1.0,0.999676
8152,1.0,1.0,0.89482707
10472,1.0,0.0,5.9277354e-11
4402,1.0,1.0,1.0
296,1.0,1.0,0.8725006
584,0.0,1.0,0.9999932
9533,0.0,0.0,0.00014532587
10197,1.0,1.0,1.0
2570,0.0,0.0,1.7898644e-06
729,1.0,1.0,0.9999492
5824,0.0,0.0,3.4103905e-13
11778,0.0,0.0,0.0062830923
10842,1.0,0.0,0.00053401315
10332,0.0,0.0,0.015310653
1758,1.0,1.0,0.99991715
6730,1.0,1.0,1.0
10193,1.0,1.0,1.0
3399,0.0,1.0,0.84142894
5499,0.0,0.0,1.4732544e-08
4461,1.0,1.0,0.9988207
3193,1.0,1.0,0.9604883
9836,1.0,1.0,1.0
460,0.0,0.0,0.00012113566
9898,0.0,0.0,0.06365591
11885,0.0,0.0,2.2776082e-07
7709,1.0,1.0,0.9967366
6851,0.0,1.0,0.8833542
671,1.0,1.0,0.95826185
6717,1.0,1.0,0.9857296
10487,0.0,0.0,6.243939e-08
1252,0.0,0.0,6.5291054e-08
6297,1.0,1.0,0.9998085
8047,1.0,1.0,0.99999964
2723,1.0,1.0,0.9998246
3080,1.0,1.0,0.9999981
5326,1.0,1.0,0.9999999
4416,1.0,1.0,0.96162665
10599,0.0,0.0,5.0066126e-07
10414,1.0,0.0,0.2055164
7334,0.0,1.0,0.9971865
10948,0.0,0.0,8.268961e-11
7650,0.0,0.0,0.46481526
737,1.0,0.0,0.04550871
8294,1.0,1.0,0.9999999
6160,1.0,0.0,0.028146975
3051,0.0,1.0,0.76450574
8140,1.0,1.0,0.9935136
4033,1.0,1.0,0.99817514
1381,1.0,1.0,0.9081809
8876,0.0,0.0,0.2058292
10715,1.0,1.0,0.99796706
5001,1.0,1.0,0.9999999
11273,1.0,1.0,0.99900097
11941,0.0,0.0,7.293357e-10
10886,0.0,0.0,0.021353088
5034,1.0,1.0,1.0
1397,0.0,0.0,1.756915e-06
1802,1.0,1.0,0.99917394
8442,1.0,1.0,0.9998691
1290,0.0,0.0,3.265231e-15
8474,0.0,0.0,0.36361265
7442,1.0,1.0,0.7012221
1375,1.0,0.0,0.32143283
8222,1.0,1.0,0.99999976
11459,0.0,0.0,0.047422145
10968,0.0,0.0,3.9985463e-07
6207,1.0,1.0,0.8969872
6907,1.0,0.0,0.24361753
8199,1.0,1.0,0.9964449
3758,1.0,1.0,0.9999864
9665,1.0,1.0,0.9513419
10572,1.0,1.0,0.9798902
11901,0.0,0.0,1.5171897e-13
11327,1.0,0.0,0.0010722398
2880,1.0,1.0,1.0
1925,1.0,1.0,1.0
12376,0.0,0.0,0.02785217
5131,0.0,0.0,0.01019157
12317,0.0,0.0,7.6245145e-05
7594,0.0,0.0,3.6152447e-05
7993,0.0,0.0,2.8582659e-05
2757,0.0,0.0,8.981323e-10
4969,1.0,1.0,0.99987674
10316,1.0,1.0,1.0
2411,1.0,1.0,0.56919914
11076,0.0,0.0,2.7894717e-07
10251,1.0,1.0,0.9999987
8639,1.0,1.0,0.9954656
8038,0.0,0.0,6.839885e-07
1474,0.0,0.0,0.34319288
4154,1.0,1.0,0.99999034
6616,0.0,1.0,0.9991431
692,0.0,0.0,1.6345975e-10
11326,0.0,0.0,0.46362492
12338,0.0,0.0,4.7702058e-11
7308,1.0,0.0,0.12247167
5887,0.0,0.0,2.557255e-15
9023,0.0,0.0,0.008159891
2744,0.0,0.0,7.1741507e-10
2728,1.0,1.0,0.9941071
1907,1.0,1.0,1.0
8941,1.0,1.0,0.9999336
3502,0.0,0.0,1.1683563e-07
12070,1.0,1.0,0.85211223
3392,1.0,1.0,0.99573416
3049,1.0,1.0,0.9986029
3082,1.0,1.0,0.67275876
4886,1.0,1.0,1.0
1724,1.0,1.0,0.99999
12095,1.0,1.0,0.99998593
4705,1.0,1.0,1.0
5795,0.0,0.0,5.850789e-06
10833,1.0,1.0,0.99992406
10543,0.0,0.0,2.4384182e-05
2031,0.0,1.0,0.98232883
3492,1.0,1.0,1.0
4676,0.0,0.0,0.00028180826
127,0.0,0.0,1.7377148e-10
243,0.0,0.0,0.013774428
5064,1.0,1.0,0.5494721
7613,1.0,1.0,0.9987662
1099,0.0,1.0,0.9790055
12368,0.0,1.0,0.725848
4286,1.0,1.0,0.99981683
6164,0.0,0.0,0.00016581413
11,0.0,0.0,1.4494728e-09
3423,0.0,1.0,0.7494638
9896,0.0,0.0,1.4617416e-06
6552,1.0,0.0,0.049401347
3557,1.0,1.0,0.9940615
5195,0.0,0.0,4.5862595e-05
6874,1.0,1.0,0.9462634
11510,0.0,0.0,0.00012918118
6991,0.0,0.0,0.00020461399
9762,1.0,1.0,0.9980933
1906,1.0,1.0,1.0
4832,0.0,0.0,1.6305425e-05
6433,1.0,1.0,0.9940069
10837,1.0,1.0,0.73146725
11010,0.0,1.0,0.99919873
10066,0.0,0.0,1.6119067e-21
8786,0.0,1.0,0.9846769
519,1.0,1.0,0.99999833
11683,0.0,0.0,1.3615451e-08
11504,1.0,1.0,0.9771493
12141,0.0,0.0,1.2827368e-09
4537,0.0,1.0,0.7372919
4155,0.0,1.0,0.99924695
7106,0.0,0.0,0.022907156
10012,0.0,0.0,5.7111856e-06
2696,1.0,1.0,0.9979662
9228,1.0,1.0,1.0
9116,0.0,0.0,0.00011388062
5417,0.0,0.0,1.0725997e-08
4692,1.0,1.0,0.9999198
6686,1.0,0.0,0.00036859614
10181,1.0,1.0,1.0
1447,0.0,0.0,0.00014251038
6648,1.0,1.0,1.0
3873,0.0,0.0,0.00033206504
1387,0.0,1.0,0.9487242
7133,0.0,0.0,0.0121616395
710,0.0,0.0,5.6104545e-16
856,1.0,1.0,0.99999464
3671,0.0,1.0,0.5035499
9080,0.0,1.0,0.99999404
9787,1.0,1.0,1.0
12232,0.0,0.0,0.0009992098
1773,0.0,1.0,1.0
10171,1.0,1.0,1.0
1486,0.0,1.0,0.7457966
10730,1.0,1.0,1.0
8102,1.0,1.0,0.99919313
10413,0.0,0.0,0.05141849
10706,0.0,0.0,0.0006504618
10388,0.0,0.0,2.0381403e-08
9132,1.0,1.0,1.0
3044,0.0,1.0,0.87775415
1816,1.0,1.0,1.0
523,0.0,0.0,0.26070058
2583,0.0,0.0,0.007378625
3544,0.0,0.0,0.0011909362
6428,0.0,0.0,1.4544315e-06
8769,0.0,0.0,3.851534e-06
3576,1.0,1.0,0.9999846
9277,0.0,0.0,3.9577475e-07
11348,1.0,0.0,0.019898184
5014,0.0,0.0,0.006089337
1120,1.0,1.0,0.9735724
10344,0.0,0.0,2.320711e-06
6454,0.0,1.0,0.9970962
10252,1.0,1.0,1.0
9929,1.0,0.0,0.0019721368
8864,1.0,1.0,0.99999976
7778,0.0,0.0,0.016695447
693,0.0,0.0,0.18486838
2099,1.0,1.0,0.99999726
7685,0.0,0.0,2.28111e-07
5385,0.0,0.0,1.4861868e-07
5182,0.0,0.0,0.0010606787
3885,0.0,0.0,3.133948e-06
10884,0.0,1.0,0.7594867
580,0.0,0.0,2.2830174e-05
6605,1.0,1.0,0.9999025
5881,0.0,0.0,1.2788915e-09
3569,1.0,1.0,0.99995935
8407,1.0,1.0,0.9966433
3908,0.0,0.0,1.6900053e-06
3483,1.0,1.0,0.9999913
7689,1.0,1.0,0.9946695
3197,1.0,1.0,0.9999995
2404,0.0,0.0,5.0802748e-05
3042,1.0,1.0,0.9994474
182,1.0,0.0,0.20229848
4314,1.0,1.0,0.99325037
3458,1.0,1.0,1.0
3609,0.0,0.0,9.9043745e-11
6766,1.0,1.0,1.0
11406,0.0,0.0,0.018995801
4334,1.0,0.0,0.14536823
2442,0.0,0.0,4.697078e-21
3070,1.0,1.0,0.92516154
2393,0.0,0.0,0.04456642
1404,0.0,0.0,0.03915326
2984,1.0,0.0,0.001559265
8241,1.0,1.0,1.0
10755,0.0,0.0,9.632287e-09
9457,1.0,1.0,0.9866296
2356,0.0,0.0,1.3232158e-05
1744,1.0,1.0,1.0
10040,1.0,1.0,0.99999976
4755,0.0,1.0,0.8896321
112,0.0,0.0,0.00077113044
11442,0.0,0.0,0.023652969
2513,0.0,0.0,3.5702258e-06
9145,1.0,0.0,0.3372038
3753,1.0,1.0,1.0
12169,0.0,1.0,0.95984054
4963,0.0,0.0,0.000120197095
2595,1.0,1.0,0.7936479
12366,0.0,0.0,2.2159574e-08
10893,0.0,0.0,8.609003e-07
11001,0.0,0.0,0.13722134
8844,0.0,0.0,1.0265858e-13
183,0.0,1.0,0.9994986
12187,1.0,1.0,0.9999945
1783,1.0,1.0,1.0
4573,1.0,1.0,1.0
8500,0.0,0.0,2.6933385e-08
7982,0.0,0.0,2.814556e-09
4111,0.0,0.0,0.001228102
12168,0.0,0.0,0.087176554
10823,0.0,1.0,0.59069574
5735,0.0,0.0,7.282243e-08
1715,1.0,1.0,1.0
3282,1.0,1.0,1.0
2507,0.0,0.0,5.602799e-07
11285,1.0,1.0,0.9999962
2022,0.0,0.0,0.009705639
2486,1.0,1.0,1.0
12241,0.0,0.0,0.012921715
7757,1.0,0.0,1.8672694e-05
8478,0.0,0.0,0.029590067
8351,1.0,1.0,1.0
11648,1.0,1.0,0.99461466
9419,0.0,0.0,0.2788809
7344,0.0,0.0,0.13395059
7355,1.0,1.0,0.99147123
12028,0.0,0.0,0.12140129
4669,0.0,0.0,3.5248881e-06
7636,1.0,0.0,0.35157055
11106,1.0,1.0,0.50097185
11826,1.0,1.0,0.9894275
11867,0.0,0.0,3.2791558e-11
12289,0.0,0.0,0.23730472
8013,0.0,0.0,0.024740078
1921,1.0,1.0,0.99999595
1909,1.0,1.0,1.0
6189,0.0,0.0,5.46704e-09
8893,1.0,1.0,0.99961406
4464,1.0,1.0,1.0
3765,1.0,1.0,0.9997534
4565,1.0,1.0,0.999982
4094,0.0,0.0,1.551859e-14
2613,0.0,0.0,0.08079657
5806,0.0,0.0,3.1199965e-09
9256,0.0,0.0,3.2496401e-09
4574,1.0,1.0,0.99999833
11262,1.0,1.0,0.95583296
3676,0.0,0.0,7.0731367e-06
6977,0.0,0.0,0.06465322
10530,1.0,0.0,0.40583503
9510,1.0,1.0,0.9999976
1846,1.0,1.0,1.0
10923,0.0,1.0,0.99999714
11981,0.0,0.0,0.07474593
4274,1.0,1.0,0.9999999
11383,1.0,1.0,0.99955004
5844,0.0,0.0,6.9624533e-09
2023,1.0,1.0,0.99993503
6170,0.0,0.0,3.6676e-07
4796,0.0,1.0,0.52971274
6098,0.0,0.0,8.3895185e-07
2429,0.0,1.0,0.99988806
9740,0.0,0.0,0.14283343
6481,1.0,1.0,1.0
8764,0.0,0.0,2.4385065e-05
7710,1.0,1.0,0.999841
2945,1.0,1.0,0.9920438
1973,1.0,1.0,0.987086
2546,0.0,0.0,5.493949e-05
7799,0.0,0.0,2.1090602e-07
11790,0.0,0.0,0.019454055
4768,1.0,1.0,0.9998504
4937,0.0,0.0,0.07123137
8373,1.0,1.0,0.99999976
5764,0.0,0.0,7.0420725e-11
144,1.0,0.0,0.08062541
2937,1.0,1.0,1.0
3870,0.0,0.0,1.6820023e-08
12399,1.0,1.0,1.0
818,1.0,1.0,0.9912479
4163,1.0,1.0,0.9999994
8343,1.0,1.0,1.0
2638,0.0,0.0,0.007126832
7183,0.0,0.0,0.038406663
11570,0.0,0.0,2.1945699e-11
3811,0.0,0.0,3.3222975e-08
5148,0.0,0.0,7.9887934e-05
5617,0.0,0.0,9.556488e-05
719,1.0,1.0,0.99999857
7761,1.0,0.0,0.04501625
11007,1.0,1.0,0.95373744
6891,1.0,0.0,0.0006769603
10704,0.0,0.0,0.0001838275
6144,0.0,0.0,0.005527419
5630,0.0,0.0,2.2301726e-21
1429,1.0,0.0,0.0001549379
11862,1.0,0.0,0.39563316
10327,1.0,1.0,0.86761665
5796,0.0,0.0,5.2904148e-09
7092,1.0,1.0,0.9980767
10674,1.0,1.0,1.0
5967,0.0,0.0,1.493903e-26
9806,1.0,1.0,0.9999479
10041,1.0,1.0,0.99993753
7323,0.0,1.0,0.84004694
2140,0.0,0.0,1.5332978e-09
2874,1.0,1.0,0.5935615
5746,0.0,0.0,2.521173e-12
10168,1.0,1.0,1.0
1296,0.0,0.0,3.698813e-07
8867,1.0,1.0,0.99983203
7124,0.0,1.0,0.95060647
5290,0.0,1.0,0.9999316
238,1.0,1.0,0.9974136
8546,0.0,1.0,0.96953636
9329,1.0,1.0,0.98139405
8165,0.0,0.0,0.04609811
4432,0.0,1.0,0.9999889
5332,1.0,0.0,5.2722466e-05
9737,1.0,1.0,0.76264894
7265,0.0,1.0,0.99890554
4414,1.0,0.0,0.18959583
10576,1.0,0.0,0.031260993
6156,0.0,0.0,1.551829e-07
4264,1.0,1.0,0.95692354
8738,1.0,1.0,0.9973955
7933,1.0,0.0,0.20482583
2495,0.0,0.0,1.2728759e-07
9690,1.0,1.0,0.683408
2242,0.0,1.0,0.99979156
2848,1.0,0.0,0.011586571
2958,0.0,1.0,0.99873346
9724,1.0,0.0,0.4016238
5378,0.0,0.0,9.6276985e-08
10175,1.0,1.0,1.0
8263,0.0,0.0,0.0018032618
12321,1.0,1.0,0.999435
3581,1.0,1.0,0.99999964
1657,0.0,0.0,0.00017086366
4034,0.0,1.0,0.99999356
7681,0.0,0.0,2.2670416e-07
2484,1.0,1.0,0.9500826
5196,0.0,0.0,0.46272928
10279,1.0,1.0,1.0
1622,0.0,0.0,0.00242398
5204,0.0,1.0,0.99907327
104,1.0,1.0,1.0
9995,0.0,0.0,0.0020047429
11880,0.0,0.0,1.1440873e-19
12271,1.0,1.0,0.98760045
2469,1.0,1.0,0.9999691
5491,0.0,0.0,4.968123e-16
274,1.0,1.0,1.0
6055,0.0,0.0,5.0535755e-07
113,0.0,0.0,0.00082016696
10490,0.0,0.0,9.225125e-09
11690,0.0,0.0,4.047013e-09
1411,0.0,0.0,0.0023345738
3597,0.0,0.0,0.059432767
6881,1.0,1.0,0.999587
6619,1.0,1.0,0.99999595
11198,1.0,1.0,1.0
5295,0.0,0.0,0.22145274
1066,1.0,1.0,0.99821943
7186,0.0,0.0,0.000725698
11854,0.0,0.0,2.6001308e-06
10829,1.0,1.0,0.5072291
11360,0.0,0.0,0.0011833778
10312,0.0,1.0,0.8502125
7352,1.0,0.0,0.0022780558
4507,1.0,1.0,0.9999999
6754,1.0,1.0,1.0
755,0.0,0.0,9.307436e-05
8658,0.0,0.0,6.588414e-08
9813,0.0,0.0,0.06101395
8146,1.0,1.0,0.99999833
1211,0.0,0.0,0.020567143
3628,1.0,1.0,0.69078195
10911,1.0,1.0,1.0
115,0.0,1.0,0.5547739
6875,1.0,1.0,1.0
11699,0.0,0.0,0.14022744
7083,0.0,0.0,0.093531184
12076,0.0,0.0,0.00020726342
4164,1.0,1.0,0.9999957
1246,0.0,0.0,0.0018524616
11216,0.0,0.0,7.26156e-05
1679,1.0,0.0,0.1028898
321,0.0,0.0,0.2756779
11964,1.0,0.0,0.059376057
6632,1.0,1.0,1.0
1870,1.0,1.0,0.9998722
4096,0.0,0.0,6.3481644e-11
4063,0.0,0.0,2.4196805e-05
4638,1.0,1.0,0.7765007
10552,1.0,1.0,0.9993155
12202,1.0,0.0,0.35960937
1294,0.0,0.0,1.1840413e-16
1214,0.0,0.0,0.00022801658
3562,1.0,1.0,0.9999598
6803,1.0,1.0,0.9999995
1166,0.0,0.0,9.359929e-06
6263,0.0,0.0,1.8612947e-09
10516,0.0,0.0,0.004489631
2011,0.0,1.0,0.954342
1797,1.0,1.0,0.983296
1849,1.0,1.0,1.0
2152,0.0,0.0,0.0014143209
8783,1.0,1.0,1.0
7588,0.0,0.0,0.00038970602
2686,1.0,1.0,1.0
6063,1.0,0.0,0.09332458
11121,1.0,1.0,0.9997409
3429,1.0,1.0,0.9999994
1661,0.0,0.0,0.20380795
9183,1.0,1.0,0.99970466
5383,0.0,0.0,0.04249636
4002,1.0,0.0,0.015128767
11792,0.0,0.0,0.0014885757
5054,0.0,1.0,0.9701295
9662,0.0,0.0,0.033947375
6312,0.0,1.0,0.99999917
7298,1.0,1.0,0.9996408
7427,0.0,0.0,7.6833045e-10
9447,1.0,1.0,0.9997311
8634,0.0,1.0,0.9222003
9521,1.0,0.0,0.082227044
8307,1.0,1.0,1.0
9845,1.0,1.0,0.9999759
4433,0.0,1.0,0.9994211
1057,1.0,1.0,0.99997675
6473,1.0,1.0,1.0
4092,0.0,0.0,4.1786825e-16
2210,0.0,1.0,0.82245743
868,1.0,1.0,1.0
1655,0.0,0.0,0.3729617
7367,0.0,0.0,0.16886874
9285,0.0,0.0,0.020859104
6413,0.0,0.0,0.000106223655
3099,1.0,1.0,0.9651181
1762,0.0,1.0,0.5194973
2208,0.0,0.0,0.00037991407
6185,0.0,0.0,8.553666e-12
8232,1.0,1.0,1.0
3700,0.0,0.0,0.15223685
399,1.0,1.0,1.0
11479,0.0,0.0,0.00019526784
5988,0.0,0.0,0.0032142238
9484,1.0,1.0,0.99999654
6196,0.0,0.0,3.971635e-05
7632,0.0,0.0,0.013472255
847,1.0,1.0,0.9993082
2612,1.0,1.0,1.0
1362,1.0,1.0,1.0
8633,1.0,0.0,0.31879056
5963,0.0,0.0,6.2133597e-07
7707,1.0,1.0,0.9968454
10259,1.0,1.0,1.0
10872,1.0,1.0,0.99997103
3828,1.0,1.0,0.99698824
5077,0.0,0.0,9.655118e-06
1119,0.0,0.0,0.009793019
2531,1.0,1.0,0.9993754
7796,0.0,0.0,0.00019711227
7848,1.0,0.0,0.03795109
11707,0.0,0.0,0.009941998
4101,0.0,0.0,0.00625252
11558,0.0,0.0,3.5079367e-22
9049,1.0,1.0,0.65508324
809,0.0,1.0,0.972505
11087,0.0,0.0,7.288288e-12
3767,1.0,1.0,0.9327903
1240,1.0,0.0,9.283302e-09
4551,0.0,0.0,0.32875758
7978,0.0,0.0,1.1901323e-05
5640,0.0,0.0,8.640283e-18
3740,0.0,0.0,0.001809703
7315,1.0,0.0,0.08971956
8318,1.0,1.0,1.0
7358,0.0,1.0,0.99323434
1306,0.0,0.0,6.0127335e-17
9310,1.0,1.0,0.9685733
6154,0.0,0.0,2.254265e-08
9912,1.0,1.0,0.9842764
9313,0.0,1.0,0.95955455
4964,0.0,0.0,1.204698e-07
6922,0.0,0.0,0.048979465
4410,0.0,0.0,0.00013662079
10178,1.0,1.0,1.0
5509,0.0,0.0,0.007899873
8073,1.0,1.0,0.8708632
1766,1.0,1.0,0.9982917
9717,0.0,0.0,1.0074152e-05
6104,0.0,0.0,1.0414317e-05
1364,1.0,1.0,1.0
4934,1.0,1.0,0.99992216
3021,1.0,1.0,0.99999654
7754,1.0,1.0,0.99999917
4043,1.0,1.0,0.99999106
9046,1.0,0.0,0.0006700765
5748,0.0,0.0,0.029235834
5674,0.0,0.0,9.17801e-11
411,1.0,1.0,1.0
7418,0.0,0.0,1.5604958e-11
2399,0.0,1.0,0.9958514
11751,1.0,0.0,0.3875841
10474,1.0,0.0,0.00018750006
2269,0.0,0.0,0.0007871951
99,1.0,1.0,0.99970204
1818,1.0,1.0,0.99999905
9250,1.0,1.0,0.9999739
9974,0.0,0.0,6.206185e-05
3617,0.0,0.0,1.9053483e-07
4629,0.0,0.0,0.40030324
2185,0.0,1.0,1.0
4527,0.0,1.0,0.7444872
9459,1.0,1.0,0.99969816
7282,1.0,0.0,0.0017286044
4493,0.0,0.0,4.888209e-06
665,1.0,1.0,1.0
7404,0.0,0.0,1.3259937e-05
4980,0.0,1.0,0.99348104
11905,0.0,1.0,0.5756916
10026,1.0,1.0,1.0
3795,0.0,0.0,2.9112147e-20
11659,0.0,0.0,7.457293e-13
12179,1.0,1.0,0.9996184
10156,1.0,1.0,1.0
8871,1.0,1.0,0.999995
458,0.0,0.0,0.005901664
4037,1.0,1.0,1.0
2697,1.0,1.0,0.99998677
11200,1.0,0.0,0.018886587
9096,1.0,1.0,0.9985405
752,0.0,0.0,0.025140557
3388,0.0,0.0,0.062033586
6536,0.0,1.0,0.99973434
4613,1.0,1.0,0.99257964
1108,1.0,1.0,0.9970625
1244,0.0,0.0,0.004326676
1141,0.0,0.0,3.106977e-18
9946,0.0,0.0,3.9850806e-10
9838,1.0,1.0,0.9999976
11118,1.0,1.0,1.0
7327,0.0,0.0,0.00546803
12306,0.0,0.0,0.009387149
6385,0.0,0.0,0.00015584573
7810,1.0,1.0,0.9780245
4130,1.0,0.0,4.9302653e-05
1258,0.0,0.0,1.19636825e-08
7206,1.0,1.0,0.9999021
10867,1.0,1.0,0.9999666
9526,0.0,1.0,0.94290096
12272,0.0,0.0,0.000180356
11606,0.0,0.0,2.2712239e-10
4641,1.0,1.0,0.993658
10821,1.0,1.0,0.9982686
4769,1.0,1.0,0.999997
6447,0.0,1.0,0.8666228
10714,0.0,1.0,0.9943726
10595,0.0,0.0,5.156657e-05
11350,1.0,0.0,0.057527047
7953,1.0,1.0,0.99999976
10116,1.0,1.0,1.0
11290,0.0,0.0,0.06385415
4440,0.0,0.0,0.000104633444
2197,1.0,1.0,0.97626686
5673,0.0,0.0,5.2535687e-10
7983,0.0,0.0,1.3052881e-12
2515,0.0,0.0,4.6153928e-05
133,1.0,1.0,0.9943001
1541,0.0,0.0,0.00046579327
79,0.0,0.0,0.00018573101
1763,1.0,1.0,1.0
1503,0.0,0.0,8.8620686e-07
7971,1.0,1.0,0.99999976
5809,0.0,0.0,3.261185e-07
4946,1.0,1.0,1.0
11709,1.0,1.0,0.9886501
7649,0.0,0.0,0.13635777
8297,1.0,1.0,0.9965732
9236,1.0,1.0,0.9999137
11021,1.0,1.0,1.0
9170,1.0,1.0,0.99999917
7117,0.0,0.0,1.4276569e-06
9942,0.0,0.0,2.6171494e-07
1016,0.0,1.0,0.9153963
12278,1.0,1.0,0.5666109
1512,0.0,0.0,2.4279543e-06
4226,0.0,0.0,0.008080403
12367,0.0,0.0,7.133808e-07
6916,1.0,1.0,0.99949217
4436,1.0,1.0,0.9999926
6442,1.0,1.0,0.9878043
9005,1.0,1.0,1.0
146,1.0,1.0,0.9997671
7105,1.0,1.0,0.9925418
2303,0.0,0.0,0.0009880535
7243,0.0,0.0,0.0964907
11423,0.0,0.0,2.5467195e-09
6636,1.0,1.0,0.9999956
12254,1.0,0.0,0.27851138
6478,1.0,1.0,1.0
8221,1.0,1.0,1.0
5937,0.0,0.0,5.7323164e-09
5851,0.0,0.0,8.264937e-23
5350,0.0,0.0,0.052270364
377,0.0,0.0,3.675591e-06
533,1.0,1.0,0.99999964
10959,0.0,0.0,7.018482e-12
2277,0.0,1.0,0.99956816
10449,1.0,1.0,0.9988943
10187,1.0,1.0,1.0
1414,1.0,0.0,0.36465222
8839,0.0,0.0,0.22528139
6342,1.0,1.0,0.91084033
6209,0.0,0.0,0.00078717415
1919,1.0,1.0,1.0
2760,0.0,0.0,9.149838e-10
7240,0.0,1.0,0.9988519
6949,0.0,0.0,0.00038908425
11756,0.0,0.0,0.0079336995
10960,0.0,0.0,7.728519e-09
7325,1.0,1.0,0.5315198
28,1.0,1.0,0.6553733
528,1.0,1.0,1.0
6796,1.0,1.0,0.9999988
8438,0.0,0.0,1.632738e-06
8287,1.0,1.0,0.99305916
5504,0.0,0.0,0.007629448
11367,0.0,0.0,0.00015618121
1639,1.0,1.0,1.0
10999,1.0,1.0,1.0
7425,0.0,0.0,0.0023245155
10583,0.0,0.0,0.11499451
6984,0.0,0.0,0.007583275
10383,0.0,0.0,9.323195e-05
1933,1.0,1.0,0.99999964
9792,1.0,1.0,0.99962354
9785,1.0,1.0,1.0
4353,1.0,1.0,1.0
7188,0.0,0.0,0.00012326521
5480,0.0,0.0,4.8916554e-10
6318,0.0,1.0,0.5698726
2179,1.0,1.0,0.98634005
726,0.0,0.0,1.021888e-06
1314,0.0,0.0,6.27865e-07
1770,1.0,1.0,1.0
7364,0.0,1.0,0.5261613
11375,1.0,1.0,0.8872175
8031,0.0,0.0,4.4234466e-07
10966,0.0,0.0,0.00016671015
779,1.0,1.0,0.9162532
2013,0.0,0.0,4.516969e-11
1985,1.0,1.0,1.0
10895,0.0,0.0,1.0090916e-11
10120,1.0,1.0,1.0
8302,1.0,1.0,1.0
4178,1.0,1.0,1.0
6252,0.0,0.0,9.2765237e-07
8475,1.0,1.0,0.5376749
40,1.0,1.0,0.9999999
10308,1.0,1.0,0.9999596
4590,0.0,1.0,0.99999976
10235,0.0,0.0,3.7287189e-06
7805,1.0,1.0,0.9999995
5206,0.0,0.0,1.7328368e-06
8922,1.0,1.0,1.0
4265,0.0,0.0,0.01655528
10210,0.0,0.0,0.0005395231
1203,1.0,0.0,3.006201e-08
11745,0.0,0.0,4.2438833e-06
11483,0.0,0.0,0.00021229668
1872,1.0,1.0,1.0
9617,0.0,0.0,5.3200964e-08
3106,1.0,0.0,0.45960075
